Experience_Years,Python_Score,ML_Score,SQL_Score,WebDev_Score,SystemDesign_Score,Communication_Score,Certifications_Count,Expected_Salary,Role
1.9,93.2,69.3,43.6,56.9,52.4,69.2,1,17.93,Machine Learning Engineer
12.0,63.8,69.4,72.5,47.0,49.1,57.1,3,30.37,Cybersecurity Analyst
5.3,55.0,63.8,73.7,61.4,47.4,60.6,1,26.66,Product Manager
3.7,98.9,55.4,36.8,76.9,50.8,80.2,2,25.67,Product Manager
0.7,38.9,68.5,83.8,68.0,68.4,73.0,1,20.07,Product Manager
0.7,25.4,66.8,68.6,40.4,46.6,69.9,0,17.49,Product Manager
0.2,72.9,47.9,81.0,72.8,39.7,80.5,1,13.81,Data Analyst
8.0,56.0,43.5,39.9,45.2,44.9,75.8,1,29.46,Product Manager
3.7,46.6,57.0,39.5,62.3,60.4,87.4,0,22.34,Product Manager
4.9,77.8,86.0,57.8,51.9,75.4,64.5,1,24.57,Machine Learning Engineer
0.1,69.4,30.2,67.5,53.6,38.7,64.8,1,11.48,Data Analyst
14.0,54.8,25.6,86.9,73.3,51.8,54.4,3,31.02,Cybersecurity Analyst
7.1,42.0,58.3,70.6,37.2,56.1,64.9,1,26.87,Product Manager
1.0,80.7,56.0,56.4,96.9,32.1,81.6,1,14.05,UX Designer
0.8,76.7,58.5,44.6,21.6,50.4,85.6,1,16.45,Product Manager
0.8,63.2,59.9,78.5,46.0,23.6,81.5,1,19.13,Product Manager
1.5,98.2,50.5,45.5,65.4,18.2,48.5,1,14.22,Data Analyst
3.0,45.7,84.8,84.4,69.7,56.6,83.0,3,25.87,Product Manager
2.3,37.5,23.0,55.7,56.0,43.1,47.9,3,20.18,Product Manager
1.4,52.5,38.4,83.9,56.9,53.6,80.8,1,13.33,Data Analyst
3.8,64.2,52.9,70.2,66.2,49.7,65.6,2,24.77,Product Manager
0.6,69.4,22.1,57.9,53.4,32.4,78.4,2,20.13,Product Manager
1.4,60.7,51.5,52.2,85.9,49.2,54.0,5,17.83,UX Designer
1.8,71.3,88.2,54.9,74.8,27.8,84.1,2,15.77,UX Designer
2.4,42.5,55.4,66.4,75.5,75.0,52.4,2,21.83,Product Manager
6.2,91.0,59.6,61.2,38.7,25.6,62.0,2,21.39,Data Analyst
0.9,63.5,29.8,51.1,56.4,46.5,58.0,2,14.52,Cybersecurity Analyst
2.9,85.1,42.7,57.5,52.0,31.2,48.9,4,17.9,Data Analyst
3.6,71.2,47.5,61.2,37.9,60.3,71.1,1,21.93,Product Manager
0.2,73.2,48.6,28.1,65.2,44.0,91.7,1,15.13,Product Manager
3.7,75.3,80.6,66.9,47.2,40.7,100.0,0,24.87,Product Manager
0.7,73.1,66.2,45.3,71.1,65.4,71.2,5,21.41,Product Manager
0.3,76.6,32.8,42.7,36.6,50.5,83.4,0,16.76,Product Manager
11.9,88.9,59.9,34.7,92.4,59.3,72.8,3,30.04,UX Designer
13.5,68.5,65.0,33.1,40.1,32.3,76.0,1,32.38,Product Manager
6.6,77.8,77.8,39.7,62.4,24.7,65.9,1,24.82,Machine Learning Engineer
1.5,63.4,86.6,49.4,73.8,51.9,72.3,0,15.85,UX Designer
0.4,90.9,34.7,89.3,46.6,44.3,76.4,1,13.57,Data Analyst
4.6,52.8,38.8,52.1,75.0,61.3,63.1,1,24.31,Product Manager
2.3,97.4,29.8,62.7,33.4,48.6,69.1,1,17.37,Cybersecurity Analyst
0.5,64.3,50.3,66.0,87.0,53.7,69.3,2,15.58,UX Designer
2.7,39.2,64.3,62.0,58.3,20.8,79.9,3,15.99,UX Designer
0.1,67.3,74.7,58.8,46.1,84.0,57.2,0,15.27,Cybersecurity Analyst
9.6,52.7,53.5,42.1,52.0,47.0,69.4,2,29.81,Product Manager
1.2,80.1,48.6,81.8,74.2,62.6,92.9,2,22.74,Product Manager
4.3,53.3,58.0,87.1,46.3,35.0,84.0,2,25.26,Product Manager
1.5,57.0,38.3,34.8,43.0,55.5,86.2,1,19.8,Product Manager
2.9,31.0,96.8,44.6,53.6,26.5,70.3,1,18.91,Machine Learning Engineer
3.2,56.9,22.8,55.8,34.5,58.1,73.9,0,21.56,Product Manager
0.8,21.4,58.7,45.5,94.4,43.6,82.0,3,15.25,UX Designer
14.0,36.5,95.5,67.6,46.7,50.5,88.7,1,35.77,Product Manager
6.0,78.7,55.1,49.1,74.6,62.6,46.6,1,21.84,Cybersecurity Analyst
11.2,79.1,51.2,92.5,62.2,27.8,54.2,4,27.95,Data Analyst
9.0,72.7,47.9,77.9,38.3,37.7,85.7,2,27.1,Data Analyst
3.6,47.6,51.4,63.2,57.9,58.2,66.7,5,26.45,Product Manager
10.2,64.1,82.5,75.4,73.7,87.8,61.9,1,29.47,Cybersecurity Analyst
0.4,64.9,10.8,76.6,54.2,47.5,55.0,1,13.22,Data Analyst
0.9,44.1,85.7,51.5,81.9,60.6,63.3,2,16.78,UX Designer
0.2,92.1,26.5,47.8,78.4,48.1,53.2,2,14.73,UX Designer
1.6,80.8,49.7,61.2,76.4,85.0,95.1,1,20.67,Product Manager
2.0,61.0,46.4,72.9,48.8,18.6,69.7,2,17.16,Data Analyst
1.3,65.5,66.8,62.1,36.4,51.7,69.3,3,21.83,Product Manager
7.1,68.8,23.0,36.3,45.7,20.7,77.1,2,26.73,Product Manager
1.8,28.2,64.2,48.0,61.9,4.9,81.5,0,13.31,UX Designer
1.3,60.6,95.5,58.9,68.9,55.4,81.4,1,20.85,Machine Learning Engineer
3.1,52.7,27.7,58.9,14.6,52.5,82.9,1,22.61,Product Manager
0.6,47.0,58.8,89.6,57.8,44.9,62.4,1,14.51,Data Analyst
6.5,59.9,41.8,39.2,61.2,48.1,66.4,0,28.42,Product Manager
0.3,97.4,63.5,67.6,52.4,100.0,79.2,1,19.15,Product Manager
15.0,76.5,55.4,82.3,83.8,45.4,63.7,2,31.26,Data Analyst
5.9,54.7,42.2,94.1,66.4,59.2,69.9,1,26.98,Product Manager
0.9,75.3,64.8,53.9,84.2,38.3,74.8,1,14.51,UX Designer
0.0,90.2,91.1,67.4,53.7,55.3,79.4,1,17.21,Product Manager
6.8,81.6,51.2,68.5,76.7,45.7,48.7,2,21.47,Data Analyst
4.9,66.1,69.4,62.9,90.7,42.6,78.6,0,22.76,UX Designer
5.2,53.4,29.1,58.5,84.2,82.7,67.2,0,22.92,Product Manager
5.9,77.6,35.9,66.5,36.2,71.2,78.5,0,26.74,Product Manager
0.3,72.1,64.4,22.0,52.9,52.5,79.3,2,16.7,Product Manager
1.8,81.1,84.7,70.2,51.1,8.5,89.3,1,14.17,Data Analyst
0.5,76.4,62.1,61.9,67.8,43.5,86.2,2,19.06,Product Manager
8.0,83.9,48.7,56.7,71.7,98.7,86.2,0,31.39,Product Manager
3.9,55.4,55.0,90.7,41.2,45.8,87.3,1,17.38,Data Analyst
1.6,88.7,30.0,49.9,59.4,69.9,73.5,2,20.16,Product Manager
0.3,68.6,67.1,54.0,17.6,76.0,70.4,3,19.07,Product Manager
1.5,100.0,72.6,89.9,86.8,53.9,80.5,3,16.16,Data Analyst
1.6,52.6,46.0,47.5,47.8,34.8,78.8,2,21.35,Product Manager
5.2,96.2,45.6,51.7,59.1,6.2,66.3,0,18.77,Data Analyst
4.1,68.6,60.3,57.8,51.8,62.3,74.9,1,24.2,Product Manager
8.7,53.3,46.3,72.6,80.9,35.3,69.6,3,27.29,UX Designer
2.6,56.3,53.7,63.1,1.2,53.2,59.8,2,23.18,Product Manager
0.5,59.2,97.0,40.6,57.7,27.5,85.5,0,14.41,Product Manager
5.0,72.6,50.1,52.0,55.9,45.2,70.7,2,28.13,Product Manager
5.7,74.4,47.8,50.9,48.9,50.6,94.6,4,29.24,Product Manager
3.3,54.7,42.0,58.8,92.5,54.8,50.5,3,19.84,UX Designer
5.9,64.6,69.9,66.4,40.3,29.9,63.3,1,21.51,Data Analyst
2.7,100.0,51.4,66.3,73.4,71.5,70.4,3,22.59,Product Manager
3.0,96.1,42.0,33.4,65.1,39.3,83.6,0,19.28,UX Designer
2.2,72.9,81.4,76.0,83.2,19.9,74.8,3,18.77,UX Designer
0.1,65.7,83.4,63.8,44.7,48.0,73.7,1,16.3,Machine Learning Engineer
0.5,67.2,43.0,80.8,43.3,50.6,56.5,1,13.63,Data Analyst
0.1,76.0,17.7,66.7,79.9,52.9,56.1,4,12.67,UX Designer
4.0,46.6,75.2,76.5,66.5,74.5,73.9,2,27.02,Product Manager
1.5,60.4,41.3,67.0,27.1,45.7,53.6,5,18.87,Cybersecurity Analyst
2.8,35.0,70.8,80.2,47.2,47.8,63.6,3,22.46,Product Manager
9.5,72.2,15.6,67.8,65.7,30.1,76.0,2,24.5,Data Analyst
1.1,76.6,72.9,58.5,74.8,64.8,58.2,0,20.03,Product Manager
2.1,56.3,30.8,94.1,44.4,53.3,89.3,2,21.36,Product Manager
5.6,93.3,69.6,73.3,0.0,42.4,84.7,2,22.05,Data Analyst
1.0,42.9,55.3,68.6,68.5,15.7,51.1,1,12.76,UX Designer
0.3,38.6,35.9,40.9,33.6,76.0,58.8,3,18.55,Product Manager
1.4,69.0,46.9,40.7,17.7,27.9,42.6,1,16.1,Machine Learning Engineer
0.7,83.8,68.7,64.4,1.4,39.4,60.6,0,11.83,Data Analyst
10.6,95.3,57.1,62.2,74.3,56.5,79.2,3,32.68,Product Manager
6.6,56.7,66.7,50.8,60.6,28.5,65.0,4,23.8,UX Designer
4.0,84.4,94.5,62.1,53.5,23.1,75.5,1,22.41,Machine Learning Engineer
8.2,64.3,23.7,83.8,85.8,11.8,51.7,1,22.51,UX Designer
6.5,61.9,87.3,70.4,70.7,63.0,79.6,3,29.16,Product Manager
0.8,80.9,57.1,42.9,90.3,40.2,63.3,0,15.75,UX Designer
8.9,76.7,37.0,58.3,30.1,100.0,70.1,1,28.85,Product Manager
3.1,36.6,28.4,47.9,57.3,32.1,68.9,5,23.16,Product Manager
6.6,91.6,51.2,54.2,25.7,33.4,54.7,0,21.25,Data Analyst
9.1,89.8,73.4,53.8,53.4,39.8,56.2,2,28.37,Machine Learning Engineer
1.5,53.7,52.4,52.8,53.0,54.4,81.6,0,19.42,Product Manager
0.5,72.1,85.2,41.2,70.5,41.5,74.8,1,19.12,Machine Learning Engineer
1.0,73.9,26.0,58.1,58.9,61.0,82.6,4,20.36,Product Manager
2.2,69.7,54.8,51.6,70.5,32.4,73.9,4,18.88,UX Designer
6.8,55.1,30.0,16.1,72.1,25.1,71.7,0,22.65,UX Designer
7.9,52.9,62.3,90.8,100.0,17.6,49.3,5,27.98,UX Designer
0.0,64.5,72.7,76.3,51.7,10.0,66.8,2,11.93,Data Analyst
2.9,86.1,46.6,54.4,39.2,40.7,69.7,2,17.84,Data Analyst
2.2,74.8,2.9,60.3,62.9,44.6,93.4,1,19.9,Product Manager
1.0,58.3,59.0,42.4,42.0,38.6,78.2,3,20.64,Product Manager
0.5,78.9,63.7,85.4,87.6,72.4,88.4,0,19.81,Product Manager
1.6,13.7,63.1,88.5,52.3,72.1,77.2,1,20.87,Product Manager
11.5,85.7,79.7,62.4,46.7,44.0,61.5,0,29.08,Machine Learning Engineer
1.6,33.7,33.6,75.4,48.6,17.7,71.4,1,13.32,Data Analyst
2.9,58.5,68.6,62.6,72.4,39.8,72.8,0,17.48,UX Designer
4.9,44.8,78.9,39.9,54.8,39.2,58.7,0,22.74,Machine Learning Engineer
1.8,41.7,19.4,53.8,45.2,38.2,65.4,0,18.4,Product Manager
14.3,85.9,61.4,62.0,91.3,37.4,67.5,3,31.22,UX Designer
13.1,56.6,44.9,53.2,40.9,38.2,89.3,1,31.96,Product Manager
1.2,71.2,53.4,56.7,58.7,43.0,45.0,2,14.35,Data Analyst
2.8,64.2,62.0,58.6,71.0,38.6,84.5,1,24.52,Product Manager
1.4,73.6,45.3,58.8,25.4,53.7,58.8,1,15.03,Cybersecurity Analyst
1.3,66.4,41.5,60.8,67.6,56.5,53.5,1,15.44,Cybersecurity Analyst
0.2,41.9,55.7,44.1,36.9,33.6,84.2,1,19.03,Product Manager
3.8,82.9,33.3,49.2,74.5,72.9,78.8,1,24.49,Product Manager
2.8,56.1,33.3,40.7,38.7,32.4,85.1,5,22.93,Product Manager
0.2,37.0,68.6,74.7,71.9,20.9,79.6,0,11.41,UX Designer
1.3,57.3,32.0,28.4,80.1,56.9,94.7,1,14.77,UX Designer
9.6,92.0,68.3,77.3,75.2,35.3,76.7,1,25.54,Data Analyst
1.1,80.3,64.3,80.8,63.0,55.8,68.1,2,18.66,Data Analyst
0.6,58.7,20.5,55.5,53.4,6.7,74.1,1,13.7,UX Designer
2.7,58.7,41.4,21.0,46.5,75.1,84.9,1,21.36,Product Manager
15.0,59.2,78.9,54.6,87.4,62.1,60.6,3,31.18,UX Designer
1.1,100.0,35.4,59.0,44.0,23.0,62.2,1,12.41,Data Analyst
4.5,71.9,45.7,44.8,37.3,23.4,66.3,0,18.2,Data Analyst
5.7,72.7,64.2,52.3,71.3,80.1,44.7,1,22.47,Cybersecurity Analyst
1.1,83.5,70.7,83.0,42.1,36.7,71.7,1,15.41,Data Analyst
5.2,69.3,50.0,70.0,39.0,35.0,47.4,3,23.59,Cybersecurity Analyst
1.8,60.3,43.0,46.1,29.1,9.2,70.6,1,14.94,Data Analyst
4.0,61.5,83.4,36.0,48.3,43.7,80.4,2,24.95,Product Manager
4.0,63.7,89.8,55.1,56.3,45.9,64.3,2,22.89,Machine Learning Engineer
3.1,64.3,74.6,56.8,62.9,62.9,90.1,0,23.15,Product Manager
0.4,78.1,56.7,67.4,77.0,24.8,52.5,2,14.57,Data Analyst
7.2,65.9,38.8,52.0,68.5,22.6,84.3,0,23.36,UX Designer
1.5,78.2,38.4,67.7,54.2,58.1,78.1,0,18.33,Product Manager
0.8,63.5,65.5,89.0,54.0,68.1,49.4,1,17.96,Cybersecurity Analyst
0.2,66.4,63.4,72.2,68.2,21.7,100.0,2,17.62,Product Manager
3.6,29.0,83.0,59.3,83.5,69.5,69.2,3,26.06,Product Manager
4.5,81.5,68.0,57.3,60.5,50.7,59.5,2,25.05,Product Manager
0.1,71.2,24.9,54.6,48.6,69.7,53.1,1,14.0,Cybersecurity Analyst
2.9,83.0,76.0,77.7,38.1,48.7,67.4,1,17.71,Data Analyst
1.0,12.9,35.0,50.6,29.1,4.6,68.5,2,17.43,Product Manager
4.1,100.0,47.3,60.7,71.3,47.3,71.2,0,17.63,Data Analyst
0.8,62.5,60.0,60.8,69.6,69.1,66.4,2,18.07,Product Manager
4.7,84.9,94.9,52.5,69.5,33.9,77.6,3,25.69,Machine Learning Engineer
2.0,46.3,100.0,39.4,55.4,43.0,65.3,2,19.65,Product Manager
11.0,76.0,67.1,64.8,86.1,46.8,46.8,2,27.22,UX Designer
0.6,46.0,51.3,59.1,48.3,0.0,68.2,0,12.79,Data Analyst
1.7,53.8,65.7,67.5,77.1,80.1,41.6,0,17.66,Cloud/DevOps Engineer
0.5,99.5,72.8,52.0,57.2,33.8,74.2,2,17.16,Machine Learning Engineer
10.3,61.6,48.6,78.3,45.8,59.1,58.2,0,24.86,Data Analyst
8.4,68.9,90.9,46.8,69.9,48.4,72.0,5,33.23,Product Manager
1.2,80.7,59.6,85.7,66.2,72.6,85.8,0,20.36,Product Manager
4.3,73.9,65.0,33.8,65.1,57.3,58.6,0,21.72,Product Manager
6.8,67.7,68.3,66.5,59.6,45.8,82.7,2,29.63,Product Manager
3.2,71.6,63.4,67.1,57.2,33.9,64.8,2,17.66,Data Analyst
3.0,100.0,71.8,48.1,100.0,64.4,91.0,0,17.98,UX Designer
1.1,64.0,42.7,66.4,81.7,16.3,65.6,1,15.85,UX Designer
0.4,68.6,43.8,79.2,72.5,61.6,59.9,2,18.97,Product Manager
9.1,83.9,33.0,26.7,60.2,30.2,78.2,2,30.14,Product Manager
9.2,84.9,63.8,67.5,78.1,72.5,64.8,2,27.91,Cloud/DevOps Engineer
4.0,86.4,70.6,22.6,68.4,52.9,59.9,1,22.76,Machine Learning Engineer
1.7,76.5,64.2,45.5,58.5,61.6,64.3,4,21.01,Product Manager
1.7,44.4,88.5,84.4,51.9,51.5,69.5,4,24.93,Product Manager
5.2,94.4,54.9,51.3,56.4,18.5,86.1,0,26.59,Product Manager
9.1,44.4,68.4,42.4,0.0,34.5,46.8,1,26.23,Machine Learning Engineer
8.7,70.4,33.2,57.0,62.2,62.1,70.3,0,26.41,Cybersecurity Analyst
6.1,51.4,47.3,91.0,48.2,53.0,77.5,1,27.0,Product Manager
4.1,63.8,68.9,32.5,89.9,71.3,72.3,2,19.33,UX Designer
0.4,70.9,72.0,44.2,58.4,57.3,85.7,3,19.66,Product Manager
0.7,70.8,49.1,82.5,34.2,32.6,69.1,0,11.72,Data Analyst
9.2,72.6,53.6,87.9,57.0,35.7,67.8,1,22.88,Data Analyst
3.7,94.0,24.6,58.4,37.1,51.9,77.1,4,24.91,Product Manager
0.0,73.2,47.9,41.4,67.5,8.3,71.2,2,14.08,UX Designer
0.4,60.6,72.8,91.4,63.8,80.1,65.3,2,20.06,Product Manager
4.4,82.4,66.5,83.9,77.2,58.0,76.2,4,22.6,Data Analyst
0.0,86.4,65.0,70.2,42.2,72.1,62.2,1,15.77,Cybersecurity Analyst
0.7,42.9,56.0,47.8,58.7,21.5,62.7,2,14.14,UX Designer
3.2,75.8,55.1,59.3,30.7,72.4,63.7,2,22.15,Product Manager
4.7,77.6,41.8,57.6,72.0,90.2,86.2,3,28.43,Product Manager
4.2,59.6,69.0,65.0,68.4,26.2,31.3,0,21.97,Machine Learning Engineer
1.0,89.8,63.4,81.8,67.9,63.9,74.7,1,19.12,Product Manager
5.0,62.3,64.8,73.2,58.0,50.0,70.4,1,19.99,Data Analyst
1.1,67.3,44.5,43.8,66.3,22.2,49.8,2,16.25,UX Designer
1.6,61.9,11.9,80.6,90.1,58.9,73.7,0,16.92,UX Designer
5.5,65.3,76.9,64.7,52.3,65.0,75.7,2,27.65,Product Manager
4.2,45.3,45.4,70.3,60.8,39.2,77.1,2,19.92,UX Designer
7.6,39.1,37.7,82.0,36.3,71.0,38.2,1,21.96,Cloud/DevOps Engineer
4.3,93.7,68.9,43.3,40.6,20.0,86.4,2,19.4,Data Analyst
3.4,49.8,47.2,59.5,60.0,23.1,61.1,2,20.36,UX Designer
0.4,47.2,76.2,52.0,80.1,52.5,78.2,1,16.41,Product Manager
1.8,26.2,67.3,36.5,52.9,50.5,78.9,2,20.76,Product Manager
1.2,53.5,68.7,65.2,53.3,37.1,59.5,1,14.23,Data Analyst
1.1,41.2,27.7,97.7,49.9,64.6,77.9,2,20.53,Product Manager
14.4,94.6,79.2,32.4,47.3,59.6,65.4,0,32.17,Machine Learning Engineer
2.0,83.2,60.2,59.5,63.9,65.4,45.1,0,18.81,Cybersecurity Analyst
8.9,52.6,47.6,69.6,28.1,47.8,84.0,0,24.51,Product Manager
4.0,100.0,57.9,61.8,83.6,60.8,60.7,0,21.0,Cybersecurity Analyst
6.3,82.7,19.5,58.3,44.7,42.0,59.7,1,22.32,Data Analyst
2.8,59.2,63.2,40.5,72.4,87.0,65.2,3,21.82,Product Manager
3.4,20.0,34.4,63.5,32.6,35.4,73.3,1,21.18,Product Manager
2.7,100.0,27.9,48.6,71.4,87.9,69.3,2,21.99,Cloud/DevOps Engineer
0.9,40.0,24.6,27.2,71.4,50.6,76.6,0,13.45,UX Designer
5.1,35.4,77.3,77.9,65.7,25.2,53.9,1,18.86,UX Designer
1.3,83.4,42.4,74.4,38.1,74.6,61.1,2,19.36,Cybersecurity Analyst
0.1,100.0,85.7,60.8,63.0,52.3,68.6,0,16.14,Machine Learning Engineer
4.1,89.9,44.3,63.4,34.3,65.3,92.8,2,26.5,Product Manager
0.8,75.2,20.9,76.1,52.9,72.0,68.6,2,17.36,Cybersecurity Analyst
11.3,75.7,32.7,63.4,78.6,56.1,83.0,0,32.76,Product Manager
12.3,80.4,79.7,73.6,73.9,39.3,70.5,1,27.68,Data Analyst
9.9,78.7,51.9,55.5,58.3,67.6,64.2,2,28.26,Cybersecurity Analyst
1.8,70.1,44.0,79.7,38.5,50.0,67.0,3,13.46,Data Analyst
0.1,66.9,58.2,64.8,70.9,62.3,68.0,2,18.52,Product Manager
10.5,63.9,65.0,62.9,58.4,11.2,77.2,1,24.96,Data Analyst
2.2,51.4,77.3,40.9,11.6,58.0,86.5,0,20.09,Product Manager
13.6,59.9,84.0,64.3,73.7,38.5,74.3,0,28.36,UX Designer
13.3,34.5,47.8,47.5,57.5,79.8,84.2,2,32.87,Product Manager
7.7,63.2,28.5,50.4,82.0,61.2,58.4,1,28.47,Product Manager
1.4,47.2,46.7,47.8,36.1,54.3,65.0,1,19.22,Product Manager
1.9,45.1,60.2,44.0,0.0,58.8,61.3,1,19.09,Product Manager
7.6,68.2,35.7,91.9,63.6,32.0,73.8,1,22.47,Data Analyst
1.5,90.1,35.9,80.0,63.8,79.2,65.7,1,18.88,Cybersecurity Analyst
0.7,81.5,61.9,88.8,24.2,85.8,78.8,0,15.77,Cybersecurity Analyst
3.3,36.7,54.0,41.7,38.4,57.1,58.8,3,22.22,Product Manager
11.0,47.2,55.7,61.1,100.0,78.6,70.5,2,28.72,UX Designer
4.8,81.9,39.8,40.6,51.9,39.8,78.2,2,26.15,Product Manager
3.4,47.3,50.4,49.6,72.6,35.7,45.2,1,19.86,UX Designer
0.4,61.0,36.5,46.2,45.0,50.7,95.5,0,18.25,Product Manager
3.8,74.9,72.8,78.6,16.2,57.8,66.6,2,23.73,Cybersecurity Analyst
15.0,47.6,75.7,54.1,54.6,42.9,45.7,2,30.62,Machine Learning Engineer
0.6,66.9,18.1,76.0,52.7,59.7,71.9,2,18.65,Product Manager
2.9,41.0,36.4,69.1,50.0,55.5,70.4,3,22.13,Product Manager
8.4,54.2,25.1,94.6,55.7,32.0,69.0,3,23.95,Data Analyst
5.4,70.8,42.0,37.8,63.3,59.3,81.9,1,26.89,Product Manager
4.8,36.3,53.3,78.9,55.0,65.5,79.0,0,22.47,Product Manager
4.8,72.9,26.0,77.2,32.7,53.1,73.6,0,18.58,Data Analyst
1.8,64.6,36.6,45.4,67.7,70.7,75.4,4,22.72,Product Manager
1.4,74.9,34.9,75.1,19.0,28.1,68.7,2,12.01,Data Analyst
6.6,69.0,59.1,65.0,17.0,58.4,91.3,2,27.64,Product Manager
6.6,89.6,56.4,56.6,72.8,28.9,52.2,2,21.54,Data Analyst
8.1,67.3,40.6,47.6,68.1,29.9,71.7,1,22.77,UX Designer
9.8,57.3,58.5,49.2,56.9,38.6,70.8,0,23.8,UX Designer
2.9,67.2,44.1,90.7,30.1,33.0,79.8,4,18.81,Data Analyst
2.8,74.8,49.6,60.0,43.8,40.1,59.9,3,18.72,Data Analyst
6.4,65.9,88.5,71.7,52.7,46.1,49.1,4,28.16,Machine Learning Engineer
4.2,65.7,81.8,48.1,26.1,65.1,71.9,2,25.67,Product Manager
4.8,52.4,29.0,48.3,43.2,44.2,73.4,2,25.0,Product Manager
6.4,53.1,71.6,76.2,71.0,21.5,87.9,1,24.19,UX Designer
8.8,39.8,71.2,39.8,86.5,70.5,54.8,2,26.01,UX Designer
1.6,96.5,32.0,53.8,49.6,34.9,83.9,1,17.9,Cybersecurity Analyst
1.9,42.6,71.4,60.5,73.1,48.9,98.4,4,22.62,Product Manager
0.4,52.5,85.8,61.7,19.7,58.0,65.5,2,18.07,Product Manager
3.5,52.1,32.5,57.3,71.2,53.6,54.5,4,23.04,Cybersecurity Analyst
0.1,81.1,36.6,65.9,41.9,69.7,65.1,1,18.52,Product Manager
2.5,59.7,75.4,70.4,64.1,58.6,70.2,1,23.32,Product Manager
3.1,87.5,60.4,71.0,53.0,34.5,76.8,0,18.28,Data Analyst
1.4,52.9,66.0,45.2,84.4,89.2,62.9,0,21.61,Product Manager
3.6,70.0,61.8,55.7,40.5,53.5,88.7,0,23.08,Product Manager
0.1,50.0,62.8,77.9,70.6,47.3,56.6,3,15.57,Cybersecurity Analyst
0.2,100.0,28.5,73.4,52.4,67.4,49.1,2,17.66,Cloud/DevOps Engineer
6.9,43.6,75.9,39.4,54.8,54.5,83.3,2,28.4,Product Manager
1.8,70.6,78.4,65.3,54.3,57.2,42.7,2,17.88,Machine Learning Engineer
0.5,76.4,50.4,30.3,41.1,94.9,67.6,0,18.68,Product Manager
3.0,72.4,54.1,60.7,57.7,45.0,100.0,0,22.35,Product Manager
5.9,61.7,24.4,88.5,56.7,44.3,69.9,1,20.97,Data Analyst
1.0,62.7,65.3,45.8,62.8,52.1,56.6,1,19.97,Product Manager
3.9,65.8,66.4,47.5,59.7,69.3,69.3,2,23.1,Product Manager
0.4,62.4,53.8,71.5,74.0,22.9,69.4,1,10.77,UX Designer
0.2,82.3,77.5,36.9,76.5,14.6,71.9,1,13.62,UX Designer
3.0,100.0,48.3,50.5,37.0,39.4,77.9,0,16.63,Data Analyst
3.1,55.0,66.3,68.9,75.4,20.6,57.5,3,18.38,UX Designer
4.1,40.3,34.6,50.5,34.3,42.4,90.3,2,24.24,Product Manager
5.2,63.4,54.5,56.5,69.8,59.0,72.9,3,26.67,Product Manager
14.9,100.0,51.5,71.2,70.4,34.0,78.7,2,27.25,Data Analyst
2.9,50.5,59.5,66.3,19.8,24.3,62.5,1,16.16,Data Analyst
1.6,94.5,47.6,64.0,59.9,51.2,85.4,1,20.38,Product Manager
6.3,95.2,52.4,54.9,48.6,65.5,66.9,3,25.82,Cybersecurity Analyst
1.3,55.0,71.5,65.6,42.8,19.5,73.3,3,20.05,Product Manager
2.3,75.2,46.3,58.1,85.0,64.8,58.8,0,12.88,UX Designer
0.3,94.3,22.9,66.9,44.9,64.7,58.0,2,16.32,Cybersecurity Analyst
0.1,58.2,90.0,52.5,41.9,67.2,78.3,2,16.24,Product Manager
13.1,61.3,82.6,57.3,59.5,71.9,64.7,0,31.2,Product Manager
7.2,54.5,29.2,45.2,71.7,89.6,59.8,2,28.88,Product Manager
4.8,46.7,68.8,59.5,55.2,43.6,62.3,3,24.98,Product Manager
2.1,53.3,44.9,47.8,81.3,52.0,78.4,1,14.97,UX Designer
0.8,43.0,60.3,43.3,68.6,42.5,62.5,2,19.87,Product Manager
0.7,65.6,60.9,63.9,14.4,50.0,68.6,3,18.69,Product Manager
1.2,51.1,50.3,63.2,47.4,77.6,70.2,2,18.97,Product Manager
3.2,69.2,39.3,71.7,46.8,25.8,47.0,1,19.13,Data Analyst
5.0,37.0,41.2,53.5,67.6,34.5,52.3,1,19.18,UX Designer
4.3,71.0,36.7,66.1,5.5,74.8,74.0,2,23.81,Product Manager
1.3,80.0,38.4,68.3,100.0,68.4,61.2,3,18.84,Cybersecurity Analyst
12.4,29.1,53.7,66.7,68.6,43.5,82.7,1,31.67,Product Manager
5.4,71.7,40.7,47.6,61.0,65.4,81.6,2,26.39,Product Manager
3.2,87.1,68.6,62.2,81.6,56.1,78.6,2,19.68,UX Designer
3.8,43.2,84.7,65.5,100.0,77.0,91.8,2,26.13,Product Manager
2.2,95.1,43.4,60.1,75.4,51.3,69.0,3,18.57,UX Designer
1.1,72.5,59.8,28.7,77.0,68.5,77.8,2,20.01,Product Manager
1.8,52.3,65.0,62.4,60.6,97.6,63.0,2,19.04,Product Manager
5.7,64.0,64.4,93.2,55.2,60.8,99.4,1,28.93,Product Manager
0.1,75.0,56.5,54.6,48.5,50.9,93.8,0,17.7,Product Manager
0.5,66.4,69.9,49.1,41.5,63.0,70.1,0,17.81,Product Manager
0.2,74.7,64.6,65.6,44.3,43.4,74.6,1,12.77,Data Analyst
0.2,48.4,30.2,64.7,31.0,93.0,86.3,5,20.7,Product Manager
7.7,68.0,72.4,77.9,56.5,53.2,68.2,3,29.57,Cybersecurity Analyst
4.9,39.6,72.7,41.1,24.3,45.1,62.1,4,25.3,Product Manager
2.6,63.0,39.7,71.0,61.8,35.0,80.5,1,22.96,Product Manager
0.4,48.7,55.8,68.9,57.3,69.7,70.9,1,16.85,Product Manager
2.7,51.8,68.7,57.9,60.9,65.6,72.2,2,22.62,Product Manager
2.6,87.2,50.8,65.1,47.6,41.0,60.0,0,17.81,Cybersecurity Analyst
0.8,84.6,76.5,75.4,100.0,60.4,49.4,1,14.41,UX Designer
2.3,76.0,100.0,73.1,85.2,22.8,72.8,1,18.51,UX Designer
2.0,45.3,39.3,42.9,33.1,53.3,80.9,1,20.68,Product Manager
3.8,59.3,27.4,72.3,62.7,58.1,67.3,1,24.02,Product Manager
4.0,86.8,61.1,59.0,45.8,80.7,87.2,2,26.82,Product Manager
0.2,67.6,69.4,61.1,37.7,36.1,61.6,3,18.91,Product Manager
1.9,100.0,50.4,61.1,31.2,27.0,57.3,0,13.88,Data Analyst
3.9,72.1,84.1,57.7,66.6,33.9,69.2,1,25.4,Product Manager
2.8,68.5,28.2,77.9,44.4,25.9,69.0,2,17.34,Data Analyst
7.8,59.4,68.9,58.7,77.4,74.1,79.2,1,28.39,Product Manager
4.3,67.4,42.9,43.2,77.9,77.9,60.7,2,26.59,Product Manager
0.7,62.3,89.4,54.1,85.5,55.8,86.4,1,20.69,Product Manager
0.3,77.7,94.9,62.7,41.0,72.0,93.6,3,20.83,Product Manager
4.1,82.2,39.7,78.4,67.5,52.4,69.5,3,19.48,Data Analyst
0.1,50.9,44.0,69.0,70.6,48.3,85.0,2,15.31,UX Designer
3.5,41.0,72.2,47.2,48.5,44.0,57.3,0,21.6,Product Manager
11.3,31.9,47.3,97.3,42.6,44.4,82.9,1,32.5,Product Manager
3.4,74.1,54.1,64.0,90.2,22.1,82.6,3,20.36,UX Designer
2.0,45.1,55.5,79.1,62.5,54.8,80.4,1,20.59,Product Manager
4.1,26.2,16.6,57.7,70.7,49.3,69.8,1,22.15,Product Manager
2.5,72.0,54.7,68.0,41.6,63.4,34.5,1,17.76,Cybersecurity Analyst
3.2,100.0,41.2,72.6,33.6,51.7,62.3,2,21.7,Cybersecurity Analyst
11.4,64.9,45.1,78.3,46.6,47.1,62.5,2,26.56,Data Analyst
2.0,80.1,83.9,75.9,55.5,34.3,58.3,3,16.19,Data Analyst
13.0,66.5,29.9,73.1,36.7,51.3,71.5,1,32.05,Product Manager
9.4,63.2,71.3,55.3,57.8,63.3,65.0,2,34.02,Product Manager
0.9,81.5,49.4,51.4,24.2,29.4,60.1,1,10.84,Data Analyst
0.3,59.8,49.4,65.0,35.6,51.6,57.3,2,18.15,Product Manager
0.4,69.8,70.8,74.0,71.4,54.2,61.4,2,13.68,Data Analyst
0.1,70.8,61.8,56.7,70.1,37.1,83.5,2,17.76,Product Manager
0.4,53.0,66.4,76.0,50.2,39.4,62.1,0,15.06,Cybersecurity Analyst
4.6,82.9,74.4,81.8,37.6,54.2,63.8,1,20.43,Data Analyst
0.3,61.9,48.4,46.3,37.5,29.6,64.5,0,16.59,Product Manager
1.5,51.4,42.8,47.4,50.5,56.3,74.1,1,21.21,Product Manager
7.5,74.7,33.3,57.9,70.9,33.9,75.5,3,27.32,UX Designer
0.1,48.8,38.5,64.6,76.6,69.1,33.5,2,14.13,Cybersecurity Analyst
6.7,65.5,100.0,52.1,48.1,92.1,82.3,1,30.59,Product Manager
1.3,64.8,79.9,80.3,34.9,34.5,87.2,2,16.3,Data Analyst
0.5,84.5,28.0,66.4,63.4,59.6,57.4,2,16.02,Cybersecurity Analyst
4.8,73.5,28.6,60.6,41.5,36.9,58.3,2,20.37,Data Analyst
4.0,64.5,64.6,38.5,47.6,68.7,64.6,0,24.97,Product Manager
8.4,79.7,65.9,40.3,84.5,27.2,60.9,1,25.53,UX Designer
5.3,90.0,66.0,64.2,74.5,58.7,72.7,1,27.1,Product Manager
6.5,75.0,49.9,28.0,61.2,34.3,46.6,1,22.75,Cybersecurity Analyst
1.3,65.2,52.5,75.2,32.6,46.3,56.6,1,13.82,Cybersecurity Analyst
0.8,41.4,61.6,57.6,62.2,31.4,88.5,0,14.9,UX Designer
5.6,45.8,56.7,100.0,79.3,64.8,58.9,0,20.16,Data Analyst
6.6,59.5,10.6,94.6,50.5,34.9,84.9,1,21.11,Data Analyst
15.0,54.0,50.4,57.3,85.0,59.9,74.3,1,30.21,UX Designer
2.1,61.6,38.0,58.4,83.9,43.8,48.3,0,13.65,UX Designer
1.9,66.0,58.5,74.9,91.3,47.9,77.6,3,16.82,UX Designer
6.0,74.5,100.0,85.5,64.1,52.7,68.6,2,26.15,Machine Learning Engineer
1.7,63.7,62.3,35.4,69.7,36.3,64.5,2,14.77,UX Designer
10.7,73.8,48.7,33.2,86.3,53.8,72.9,1,26.42,UX Designer
7.8,66.2,73.4,50.7,66.9,77.5,75.7,0,30.28,Product Manager
2.2,29.4,64.7,68.7,48.0,36.0,78.5,2,18.05,Product Manager
5.6,48.1,63.4,67.5,49.0,71.1,84.1,0,25.16,Product Manager
5.6,62.4,67.1,76.0,62.8,77.0,74.9,1,26.58,Product Manager
0.4,43.2,96.1,42.0,32.2,35.3,53.5,1,15.16,Machine Learning Engineer
9.3,75.8,32.4,25.3,55.1,23.8,64.3,2,22.99,UX Designer
2.8,92.6,64.5,72.9,79.9,55.4,100.0,1,22.03,Product Manager
7.0,86.9,36.5,47.6,14.2,40.1,78.7,0,27.12,Product Manager
1.5,61.2,66.1,29.7,88.7,83.6,98.4,2,23.34,Product Manager
9.0,91.8,36.6,62.2,80.4,50.6,86.7,0,25.54,UX Designer
2.0,67.7,46.7,71.9,48.8,35.6,72.9,2,21.98,Product Manager
0.0,58.9,49.1,58.2,68.9,29.4,73.6,2,12.53,UX Designer
9.4,54.0,74.5,53.1,58.1,69.6,69.6,0,29.59,Product Manager
0.4,59.6,73.4,57.6,82.6,39.7,49.1,2,12.85,UX Designer
1.5,58.0,30.1,54.4,77.7,50.8,70.2,1,20.57,Product Manager
12.0,68.1,56.1,39.8,30.0,67.2,84.5,1,32.39,Product Manager
12.0,67.9,40.8,49.3,69.7,41.3,62.8,0,29.07,Cybersecurity Analyst
3.4,65.1,29.8,67.8,53.9,49.2,74.9,4,24.5,Product Manager
4.0,72.9,50.7,64.8,59.7,49.7,80.2,2,23.42,Product Manager
2.4,86.4,48.8,62.5,43.4,62.3,59.1,3,19.7,Cybersecurity Analyst
1.4,82.1,100.0,45.1,93.0,60.6,64.6,2,21.57,Machine Learning Engineer
1.6,38.3,63.7,57.3,78.8,46.0,57.8,3,13.1,UX Designer
4.5,19.0,27.4,27.3,43.2,51.1,60.1,2,23.82,Product Manager
5.6,81.8,43.7,62.7,31.3,43.3,54.5,0,24.47,Product Manager
6.3,40.4,75.4,81.4,50.3,23.4,59.2,2,22.14,Data Analyst
6.2,61.0,96.8,37.9,66.7,54.6,87.0,1,27.9,Product Manager
0.4,43.9,23.3,51.2,62.8,84.1,59.0,1,15.6,Product Manager
2.7,32.6,17.4,64.9,83.1,34.1,71.5,3,18.77,UX Designer
0.2,74.7,92.4,78.8,73.8,36.1,64.0,0,16.93,Machine Learning Engineer
3.2,78.7,62.8,53.3,77.4,34.3,84.1,3,20.92,UX Designer
2.3,54.6,37.6,49.6,64.5,63.0,85.7,2,23.61,Product Manager
8.7,18.4,65.7,30.5,30.2,58.1,80.4,1,28.15,Product Manager
1.7,55.2,2.3,61.6,54.1,47.1,73.7,2,19.97,Product Manager
0.5,72.1,55.1,90.6,79.2,33.5,67.2,2,14.18,Data Analyst
0.6,38.4,61.6,64.2,57.0,51.7,55.7,2,17.98,Product Manager
5.7,68.3,73.5,59.7,68.1,21.8,93.3,0,26.9,Product Manager
3.9,64.7,34.7,64.8,51.6,52.6,60.9,1,22.17,Cybersecurity Analyst
0.4,75.4,56.7,59.8,37.4,65.7,78.0,0,17.31,Product Manager
0.4,67.2,36.5,47.8,55.5,27.5,82.7,1,15.09,UX Designer
4.8,47.5,60.1,72.3,64.2,22.4,63.3,3,21.36,UX Designer
0.3,86.5,37.1,63.4,44.9,78.4,82.5,1,18.77,Product Manager
6.9,62.1,46.8,60.3,53.3,39.0,79.2,3,28.78,Product Manager
4.9,64.5,35.1,45.4,39.2,70.4,90.7,0,23.4,Product Manager
0.3,48.2,68.0,79.6,80.4,47.2,64.4,1,16.05,UX Designer
0.4,57.0,72.2,70.0,52.1,47.1,54.6,1,16.18,Cybersecurity Analyst
15.0,49.1,50.3,51.7,87.1,57.9,63.9,4,31.44,UX Designer
1.9,61.9,55.8,75.0,88.6,34.1,72.5,4,19.43,UX Designer
1.9,95.8,26.0,52.5,56.4,52.4,70.7,1,21.65,Product Manager
6.7,40.3,49.0,48.3,37.8,43.1,65.3,1,25.17,Product Manager
11.8,36.0,54.0,48.6,16.3,26.2,47.1,3,30.12,Product Manager
15.0,91.5,100.0,33.4,28.6,56.1,75.6,1,30.54,Machine Learning Engineer
5.6,61.2,32.8,67.1,30.5,45.3,93.7,1,26.03,Product Manager
1.9,53.0,84.3,32.5,85.6,47.2,75.6,2,22.44,Product Manager
0.3,83.7,74.9,41.6,60.3,28.2,77.3,1,16.19,Machine Learning Engineer
6.0,54.1,60.6,28.9,65.8,78.6,76.9,2,28.53,Product Manager
3.3,97.9,90.2,58.7,13.6,65.8,74.8,0,21.28,Machine Learning Engineer
2.2,77.2,62.4,57.7,34.0,67.4,81.2,1,23.14,Product Manager
9.5,56.2,62.8,55.1,75.7,44.5,74.7,1,23.03,UX Designer
0.5,100.0,53.9,44.4,63.7,18.9,66.2,0,12.15,Data Analyst
2.7,54.1,79.5,42.4,55.1,85.2,60.4,1,21.18,Product Manager
0.0,78.4,76.9,67.0,69.3,48.9,67.0,1,15.27,Cybersecurity Analyst
2.5,70.4,42.5,51.7,90.7,36.5,73.8,0,14.16,UX Designer
0.2,88.4,28.6,64.7,53.6,57.5,66.2,3,18.21,Cybersecurity Analyst
0.5,93.1,50.9,46.7,59.4,71.0,73.8,2,18.65,Product Manager
0.5,65.6,39.0,62.7,61.9,49.6,75.3,2,18.75,Product Manager
4.2,51.4,53.7,79.5,100.0,73.0,80.0,2,20.91,UX Designer
5.5,73.3,79.7,68.8,16.0,69.5,85.4,1,26.11,Product Manager
3.5,52.8,45.9,53.8,71.7,30.6,70.9,2,19.73,UX Designer
13.1,100.0,54.1,63.9,55.7,37.9,54.3,2,28.08,Data Analyst
1.9,67.5,56.2,56.4,69.3,67.2,65.9,3,24.82,Product Manager
1.3,58.4,72.0,60.1,44.9,1.2,70.5,1,13.58,Data Analyst
8.1,68.3,10.1,55.1,57.0,47.3,48.0,3,26.22,Cybersecurity Analyst
1.0,40.8,42.9,57.5,72.2,24.2,86.7,1,15.03,UX Designer
13.2,47.5,59.2,63.2,100.0,41.4,71.7,2,27.97,UX Designer
0.0,86.6,79.0,45.1,74.2,44.6,74.6,1,16.07,Cybersecurity Analyst
14.0,53.2,45.2,44.8,41.0,43.6,86.4,0,31.57,Product Manager
0.2,46.2,17.5,39.2,49.5,40.1,62.4,2,16.6,Product Manager
8.9,74.7,67.4,36.0,48.9,30.3,76.9,2,30.11,Product Manager
3.0,86.3,42.3,41.7,22.1,91.3,68.7,0,22.51,Product Manager
15.0,77.9,31.2,62.4,51.4,83.6,67.8,3,32.16,Cybersecurity Analyst
0.3,82.9,42.5,46.6,72.7,29.1,60.7,0,12.03,UX Designer
3.2,51.4,51.3,67.7,32.5,78.5,90.0,0,22.84,Product Manager
13.9,39.4,42.9,60.5,79.0,42.8,65.5,2,27.99,UX Designer
3.0,92.0,10.9,30.5,67.8,52.3,78.4,4,24.91,Product Manager
4.0,59.2,72.9,69.8,43.3,48.9,47.5,1,21.6,Cybersecurity Analyst
4.8,60.5,80.5,72.2,55.2,38.1,84.2,3,28.74,Product Manager
2.4,88.9,68.0,45.1,90.0,67.7,82.6,3,25.19,Product Manager
4.0,75.0,32.2,66.3,72.7,52.3,71.2,2,21.74,Cybersecurity Analyst
3.5,73.2,51.0,47.2,58.2,41.4,67.3,1,21.95,Product Manager
9.3,100.0,54.9,61.5,53.2,26.5,74.8,3,23.3,Data Analyst
0.2,53.4,67.0,41.0,59.5,33.9,97.5,4,18.61,Product Manager
1.3,81.7,68.4,33.1,47.8,20.5,48.8,2,18.47,Machine Learning Engineer
12.0,66.0,40.3,54.3,15.9,50.2,79.4,2,31.73,Product Manager
8.8,69.8,56.6,58.1,98.8,28.5,59.1,3,25.3,UX Designer
2.4,92.5,64.1,54.0,61.1,45.2,69.8,0,20.12,Machine Learning Engineer
3.9,74.1,84.1,42.2,66.0,74.7,67.0,1,21.37,Product Manager
1.3,74.7,69.1,54.0,56.8,71.6,64.9,1,19.21,Product Manager
0.8,84.3,70.8,64.0,43.3,49.4,69.9,1,12.78,Data Analyst
2.5,58.4,56.7,59.3,54.3,48.4,56.4,2,22.36,Product Manager
1.7,49.9,83.2,62.7,26.0,83.8,82.4,4,22.51,Product Manager
3.5,46.2,63.2,49.9,100.0,59.4,48.5,2,20.29,UX Designer
0.3,29.6,37.8,77.6,33.3,44.1,76.5,2,18.83,Product Manager
14.7,100.0,83.1,42.4,37.4,24.3,66.1,0,30.4,Machine Learning Engineer
15.0,45.1,69.0,67.3,49.2,57.1,55.9,4,30.74,Cybersecurity Analyst
4.8,61.0,46.1,77.7,83.8,64.9,72.4,2,26.36,Product Manager
3.1,60.0,45.4,67.2,58.3,38.6,51.3,1,15.87,Data Analyst
1.5,70.5,60.9,57.0,33.3,55.2,70.5,0,18.95,Product Manager
6.7,79.7,64.3,52.1,83.1,43.5,52.9,2,24.02,UX Designer
4.6,80.5,58.9,75.5,72.6,46.7,75.5,4,27.03,Product Manager
0.7,54.5,61.2,38.7,68.8,5.2,58.9,0,13.49,UX Designer
9.7,62.0,89.0,45.4,72.3,46.0,64.6,0,28.58,Machine Learning Engineer
6.9,70.1,76.4,54.0,100.0,67.4,73.5,2,24.24,UX Designer
12.0,60.5,58.8,78.6,100.0,38.6,60.7,0,26.79,UX Designer
5.2,93.9,73.8,65.7,44.3,50.9,69.3,1,24.6,Cybersecurity Analyst
3.8,73.8,34.3,45.5,90.5,36.4,51.8,2,18.01,UX Designer
2.2,78.2,63.0,55.3,65.7,56.5,77.6,1,23.01,Product Manager
10.8,76.9,91.2,50.8,68.0,46.1,91.2,1,32.13,Product Manager
8.0,86.1,50.6,49.4,24.2,33.1,100.0,0,27.11,Product Manager
0.2,68.3,38.0,74.7,54.6,74.0,71.1,0,19.76,Product Manager
0.1,41.7,42.0,39.4,41.7,66.7,79.5,0,16.25,Product Manager
1.9,72.2,33.2,84.1,74.6,39.1,48.6,0,17.09,Data Analyst
6.7,53.3,39.3,72.4,79.4,59.0,88.0,2,28.88,Product Manager
15.0,55.5,47.6,76.4,16.5,59.7,79.3,5,36.62,Product Manager
0.7,75.6,26.9,53.1,57.6,61.6,64.2,2,18.21,Product Manager
3.6,87.3,55.3,57.8,80.4,19.5,84.8,1,17.72,UX Designer
1.9,65.4,73.0,38.5,54.3,68.1,66.9,4,23.11,Product Manager
14.0,70.6,36.8,52.1,72.6,39.7,64.5,0,26.79,UX Designer
7.4,95.6,85.4,67.4,65.0,43.6,75.7,1,28.07,Machine Learning Engineer
7.3,69.3,65.2,79.4,64.8,97.5,57.2,0,26.28,Cybersecurity Analyst
2.5,100.0,75.6,43.4,52.6,55.4,82.3,2,24.23,Product Manager
2.1,75.2,41.8,54.5,33.7,43.0,57.3,0,18.47,Product Manager
1.3,33.3,72.1,57.7,35.6,10.3,57.4,0,18.19,Product Manager
0.2,78.6,33.2,39.1,72.2,75.0,59.1,4,21.28,Product Manager
8.0,71.9,72.8,68.9,58.4,25.8,79.1,3,25.21,Data Analyst
6.7,88.2,58.4,49.1,55.2,31.9,62.6,2,25.73,Cybersecurity Analyst
15.0,77.1,66.1,57.1,49.5,44.0,53.8,3,28.92,Cybersecurity Analyst
15.0,62.5,31.5,53.2,51.9,75.5,62.7,1,32.96,Product Manager
3.2,43.0,37.1,48.2,78.9,63.9,69.6,1,22.86,Product Manager
5.9,61.2,66.9,59.9,51.3,47.2,55.8,0,26.39,Product Manager
11.6,49.7,36.0,56.8,31.2,55.5,56.2,0,28.8,Product Manager
7.6,54.6,64.3,54.4,72.9,39.2,95.3,1,29.27,Product Manager
1.1,75.6,27.7,49.1,53.9,52.5,59.7,1,18.31,Cybersecurity Analyst
2.4,95.1,72.0,64.8,58.6,51.3,66.1,0,20.91,Machine Learning Engineer
0.6,72.1,30.3,84.8,90.2,67.4,65.6,1,15.52,UX Designer
12.3,43.5,66.0,62.1,57.6,67.4,64.9,2,33.02,Product Manager
3.7,73.0,67.5,74.9,63.8,58.9,77.5,0,22.96,Product Manager
1.0,86.5,41.1,39.1,34.4,43.5,81.4,2,19.79,Product Manager
4.5,54.0,66.6,62.4,53.6,63.4,66.3,1,24.0,Product Manager
3.9,62.6,60.2,43.5,70.2,48.3,55.2,2,20.96,UX Designer
1.8,65.3,44.2,37.8,26.9,30.5,85.3,1,19.85,Product Manager
0.5,50.9,34.8,48.9,62.0,42.7,68.9,2,13.23,UX Designer
4.5,76.7,15.7,77.9,60.0,51.5,90.8,0,24.32,Product Manager
2.9,62.8,62.0,74.3,58.8,66.4,43.1,1,18.19,Cybersecurity Analyst
5.9,72.6,23.7,63.6,78.7,46.7,72.3,1,23.89,UX Designer
2.9,49.0,56.9,37.0,64.7,28.2,93.0,4,20.53,UX Designer
7.6,57.1,49.7,57.1,87.6,51.0,65.8,1,22.77,UX Designer
3.2,78.0,68.6,64.5,38.1,52.0,67.3,2,20.02,Data Analyst
3.3,58.3,49.0,62.6,60.7,53.3,73.5,1,21.8,Product Manager
8.4,96.1,48.4,32.3,59.7,66.6,63.3,1,28.48,Product Manager
2.1,57.8,69.6,46.6,36.6,68.3,66.3,1,21.71,Product Manager
0.6,69.0,61.7,59.0,77.1,39.3,65.9,3,17.39,UX Designer
0.1,81.8,61.3,68.0,100.0,38.9,62.5,1,14.08,UX Designer
5.6,39.5,64.4,27.1,57.7,31.3,84.7,1,28.25,Product Manager
3.9,33.3,24.3,57.6,68.1,62.6,75.5,0,21.93,Product Manager
4.9,37.5,70.1,62.1,59.7,76.1,73.0,1,23.11,Product Manager
1.0,87.7,67.2,72.7,43.7,44.3,79.7,1,15.33,Data Analyst
0.6,55.1,34.7,70.4,21.6,45.7,66.8,2,18.02,Product Manager
0.1,100.0,50.1,68.7,43.9,76.4,60.7,2,18.28,Cybersecurity Analyst
1.7,54.8,54.2,48.0,30.2,59.1,62.8,1,18.0,Product Manager
3.6,68.3,52.3,31.4,92.1,57.9,70.0,3,21.57,UX Designer
2.0,92.8,61.7,54.1,55.7,28.6,57.3,0,16.07,Data Analyst
2.3,100.0,83.6,75.0,51.1,62.2,64.0,0,20.85,Machine Learning Engineer
9.4,100.0,76.6,80.9,75.8,33.3,63.8,1,26.66,Data Analyst
1.7,86.8,28.8,70.7,35.6,29.6,95.5,3,22.09,Product Manager
2.9,83.4,67.4,66.4,42.7,43.8,36.7,1,20.05,Cybersecurity Analyst
6.1,75.7,81.6,65.7,59.4,39.5,67.8,4,26.24,Machine Learning Engineer
2.0,79.0,62.7,51.7,78.6,46.0,90.7,0,14.15,UX Designer
3.9,55.1,76.8,58.0,68.0,24.1,71.5,1,18.72,UX Designer
7.9,50.3,95.2,85.0,63.0,67.3,79.0,2,30.73,Product Manager
11.9,64.9,75.5,45.9,59.6,70.3,71.2,0,31.62,Product Manager
0.6,61.9,60.0,84.2,66.0,14.9,62.0,0,12.21,Data Analyst
10.4,56.8,75.9,55.2,62.0,67.6,43.1,0,30.25,Product Manager
2.7,77.5,57.9,79.9,37.4,35.4,72.5,0,16.89,Data Analyst
1.2,82.2,55.5,38.9,58.9,65.4,60.7,0,19.02,Product Manager
2.5,66.6,48.0,68.8,36.5,48.8,60.4,1,18.97,Data Analyst
15.0,91.6,86.3,48.9,59.6,50.5,64.0,2,32.66,Machine Learning Engineer
2.7,44.4,38.6,38.8,48.4,46.7,90.9,3,23.23,Product Manager
1.6,61.5,85.6,63.3,100.0,71.8,98.9,3,27.1,Product Manager
4.0,52.1,65.0,75.1,57.2,27.7,72.6,3,20.59,Data Analyst
1.1,31.4,27.0,47.3,29.9,60.9,64.4,2,16.91,Product Manager
0.3,63.5,62.4,37.5,55.3,69.8,55.9,1,15.88,Product Manager
0.6,62.8,13.0,58.6,68.4,62.9,75.6,2,20.28,Product Manager
0.5,92.2,67.5,58.7,91.5,91.8,91.4,1,18.45,Product Manager
0.7,76.4,72.7,68.2,46.2,40.5,67.0,1,13.29,Data Analyst
0.6,46.6,43.2,74.2,26.4,67.2,41.5,1,13.92,Cybersecurity Analyst
4.1,98.4,57.5,59.1,74.3,48.1,78.0,2,24.73,Product Manager
0.8,87.0,94.1,87.8,30.4,72.2,81.8,1,18.88,Machine Learning Engineer
1.7,75.5,44.9,63.4,49.3,49.9,51.0,0,17.71,Cybersecurity Analyst
9.1,60.9,33.8,54.8,52.8,43.0,72.1,0,28.85,Product Manager
2.6,47.7,84.6,35.8,56.6,73.5,75.4,2,22.16,Product Manager
4.4,58.3,94.3,56.1,71.8,41.2,69.1,0,22.8,Machine Learning Engineer
0.8,84.6,55.1,55.0,44.3,24.6,60.5,1,11.63,Data Analyst
0.9,98.9,75.2,74.4,52.5,40.7,82.2,1,14.61,Data Analyst
0.2,92.8,81.8,66.9,57.7,61.1,65.2,2,18.51,Cybersecurity Analyst
0.7,56.2,40.2,42.3,61.0,75.1,52.2,3,19.14,Product Manager
1.3,44.8,45.3,62.6,60.0,52.0,45.4,1,19.81,Product Manager
0.8,67.5,79.6,70.1,66.7,73.7,85.1,1,21.91,Product Manager
0.4,33.2,88.7,82.9,74.9,25.6,77.4,0,12.72,UX Designer
0.5,70.8,66.3,73.3,65.9,42.0,71.1,4,21.46,Product Manager
2.5,62.3,37.4,71.4,67.1,44.8,64.7,0,21.47,Product Manager
0.9,56.6,94.7,60.9,26.4,47.9,63.7,2,17.69,Machine Learning Engineer
1.8,36.3,44.4,65.8,59.0,51.5,57.1,0,19.83,Product Manager
2.8,74.2,48.3,78.7,67.6,62.4,64.8,0,23.0,Product Manager
4.7,55.4,61.8,40.0,72.6,42.0,44.6,4,21.02,UX Designer
0.2,43.9,86.1,54.8,44.2,52.5,61.2,4,17.96,Product Manager
6.4,13.3,72.1,48.4,44.8,49.2,66.3,4,27.72,Product Manager
4.0,64.5,63.3,65.7,46.5,33.3,77.3,1,19.39,Data Analyst
0.3,96.9,64.3,78.5,68.7,48.0,69.5,3,13.93,Data Analyst
8.3,94.9,55.9,51.0,78.7,47.4,79.5,3,27.15,UX Designer
10.1,56.8,66.2,24.1,49.9,47.0,86.2,0,29.23,Product Manager
0.3,54.2,4.4,53.8,76.2,50.6,82.7,0,11.21,UX Designer
1.3,73.4,49.1,73.7,60.5,51.4,75.6,3,21.39,Product Manager
6.6,47.0,59.8,68.1,55.5,42.2,70.1,1,26.2,Product Manager
5.5,70.4,32.0,66.4,53.8,72.9,58.2,4,27.47,Product Manager
0.8,78.8,62.7,55.8,72.9,28.9,78.9,2,14.84,UX Designer
0.9,87.1,50.9,40.8,64.5,37.0,90.2,0,19.0,Product Manager
1.9,63.2,90.1,67.7,100.0,100.0,74.1,0,23.04,Product Manager
2.7,61.3,86.5,47.5,41.0,31.3,93.0,1,20.0,Product Manager
3.9,49.2,45.7,92.8,68.4,25.6,51.7,1,19.24,Data Analyst
1.8,50.1,52.0,68.6,47.4,63.2,56.2,1,20.13,Product Manager
2.5,60.9,53.5,51.3,40.6,12.6,80.3,1,19.74,Product Manager
5.5,71.6,46.0,50.8,57.8,45.8,73.2,0,22.96,Product Manager
0.1,81.4,58.9,58.6,60.7,88.6,85.8,1,19.01,Product Manager
1.2,50.5,39.8,56.4,100.0,22.2,69.8,1,14.34,UX Designer
5.0,91.9,32.4,76.8,54.3,14.3,59.6,2,20.04,Data Analyst
9.0,60.1,67.5,62.8,35.4,23.0,67.4,0,23.32,Data Analyst
2.9,64.6,67.6,49.0,63.5,66.2,51.6,3,22.19,Cybersecurity Analyst
3.0,51.6,38.9,88.4,16.5,70.2,56.5,3,19.98,Cybersecurity Analyst
0.5,21.4,72.9,60.7,56.2,40.8,81.7,0,15.77,Product Manager
2.4,80.9,42.4,71.5,58.3,62.3,80.5,2,23.62,Product Manager
3.0,78.3,60.1,50.9,73.9,75.0,74.4,5,23.16,Product Manager
1.1,59.9,71.4,65.4,77.5,82.2,49.3,2,16.9,Cybersecurity Analyst
1.3,66.2,54.3,64.7,47.9,45.6,65.7,0,15.83,Data Analyst
1.9,74.3,64.1,31.7,55.0,8.6,55.3,3,20.07,Machine Learning Engineer
0.1,36.9,44.7,90.2,42.7,35.2,84.1,0,16.06,Product Manager
1.6,55.5,51.1,79.4,35.4,42.3,63.0,1,14.52,Data Analyst
1.0,79.3,50.9,54.0,64.2,45.3,57.0,2,13.25,Data Analyst
1.6,42.4,40.1,43.5,32.5,46.6,70.4,0,17.59,Product Manager
0.5,70.3,51.5,65.2,49.7,70.1,62.3,1,15.37,Cybersecurity Analyst
8.8,40.6,24.0,61.3,38.1,72.9,87.8,2,31.47,Product Manager
3.6,73.4,45.2,65.3,69.0,46.9,61.2,1,19.52,Cybersecurity Analyst
4.5,64.4,49.3,62.9,94.0,69.8,53.2,0,19.95,UX Designer
6.2,35.9,49.9,67.6,32.0,56.4,44.2,1,22.99,Cybersecurity Analyst
2.8,86.0,50.2,81.7,20.9,51.2,69.6,3,16.65,Data Analyst
0.4,51.8,53.8,68.5,55.5,66.3,63.3,3,15.48,Cybersecurity Analyst
3.1,50.4,64.6,44.3,58.3,51.3,52.9,0,19.8,Machine Learning Engineer
3.5,68.6,72.5,80.4,62.4,87.0,84.3,5,27.99,Product Manager
5.5,85.7,42.0,84.6,49.1,24.1,78.0,4,22.21,Data Analyst
2.3,46.7,30.9,100.0,54.0,40.7,69.7,2,14.56,Data Analyst
0.5,66.1,34.2,43.1,65.4,47.7,86.4,0,20.3,Product Manager
1.3,72.7,45.3,63.6,78.8,57.9,78.0,1,16.33,UX Designer
1.8,77.5,48.0,28.8,18.9,72.8,60.1,0,19.69,Product Manager
4.2,68.2,39.6,68.3,50.6,49.6,57.5,1,25.55,Product Manager
3.4,58.4,29.1,51.8,62.3,24.4,79.8,1,17.9,UX Designer
1.8,50.1,45.9,88.9,39.6,65.2,74.8,3,21.62,Product Manager
15.0,66.6,58.6,48.4,92.6,63.6,72.0,1,27.41,UX Designer
3.7,45.7,66.9,34.7,45.3,15.0,59.8,0,15.86,UX Designer
1.1,12.4,43.9,52.9,57.2,49.9,77.3,1,18.22,Product Manager
0.4,72.9,46.7,30.4,69.1,21.4,60.9,2,13.47,UX Designer
0.7,81.3,36.5,71.3,46.2,38.0,68.8,0,13.02,Data Analyst
1.1,22.5,54.4,29.0,21.1,33.7,87.4,2,18.43,Product Manager
0.7,46.8,38.0,60.4,49.4,64.6,62.1,0,18.49,Product Manager
0.8,76.1,66.5,28.8,78.6,52.1,51.1,1,15.05,UX Designer
1.3,100.0,19.3,55.2,51.3,26.9,57.4,1,12.92,Data Analyst
0.8,65.4,47.8,84.7,41.1,65.8,81.9,3,20.58,Product Manager
9.1,51.9,61.0,65.4,76.5,24.2,73.1,1,25.86,UX Designer
0.3,61.7,58.7,47.0,51.4,55.9,68.5,1,17.49,Product Manager
3.0,89.7,100.0,59.5,47.8,35.3,63.9,2,22.14,Machine Learning Engineer
2.1,53.4,62.0,60.3,61.0,43.4,75.8,4,23.98,Product Manager
15.0,50.6,34.9,67.1,73.4,59.1,59.8,2,33.07,Product Manager
0.5,56.3,53.1,39.5,100.0,59.4,73.7,1,13.38,UX Designer
2.0,47.8,19.5,68.9,74.5,74.1,61.2,1,22.41,Product Manager
14.0,67.2,53.4,19.4,81.2,48.5,59.2,0,27.37,UX Designer
8.0,94.2,38.3,50.6,47.9,55.5,62.4,2,27.55,Cybersecurity Analyst
6.8,70.8,73.3,52.7,37.5,42.1,65.5,2,27.16,Machine Learning Engineer
1.2,60.5,44.0,69.5,59.2,53.3,69.4,2,19.33,Product Manager
0.7,59.7,52.7,60.3,60.1,57.9,72.8,1,18.59,Product Manager
4.4,36.9,42.3,38.9,36.4,48.2,25.7,2,19.07,Cybersecurity Analyst
10.6,80.9,89.8,45.2,54.5,17.5,60.3,2,29.59,Machine Learning Engineer
3.3,63.6,48.6,63.0,66.0,56.0,65.3,2,21.66,Product Manager
3.4,61.8,91.7,58.8,65.2,56.6,88.1,1,23.64,Product Manager
1.3,100.0,71.3,51.3,68.1,37.8,57.0,3,19.99,Machine Learning Engineer
5.9,70.4,64.6,52.8,63.8,26.9,72.0,3,22.88,UX Designer
0.8,51.5,62.4,70.4,47.9,76.6,87.9,1,19.57,Product Manager
1.6,57.3,62.9,52.2,47.7,58.8,54.2,3,21.69,Product Manager
2.2,85.7,16.4,58.7,34.0,45.9,74.7,2,20.63,Product Manager
2.8,67.0,49.4,92.5,93.7,29.5,60.4,4,20.53,UX Designer
1.1,39.1,71.9,38.6,58.3,35.2,63.9,2,13.42,UX Designer
0.5,81.5,54.0,32.2,53.5,73.4,60.4,3,18.09,Product Manager
3.8,53.0,26.9,71.8,39.4,52.5,61.2,1,19.29,Cybersecurity Analyst
1.4,98.7,54.0,49.8,100.0,40.1,100.0,3,17.2,UX Designer
3.5,84.4,89.1,55.2,36.5,59.2,80.1,1,24.33,Product Manager
0.7,56.9,79.9,48.3,49.4,35.3,83.2,3,18.47,Product Manager
2.6,88.1,53.8,56.1,66.3,77.0,75.9,0,25.9,Product Manager
3.0,66.2,74.0,84.0,70.0,74.4,50.7,0,23.03,Product Manager
0.2,80.3,47.7,72.0,77.2,41.6,74.7,1,14.57,UX Designer
1.6,73.7,20.9,72.9,94.2,38.7,82.9,2,16.47,UX Designer
0.6,49.8,36.5,38.8,68.1,2.9,59.8,1,12.82,UX Designer
0.3,53.4,86.3,42.7,36.9,23.3,81.6,0,14.41,Product Manager
15.0,83.5,49.5,17.4,52.9,25.9,78.5,2,35.08,Product Manager
1.6,59.0,50.1,47.9,64.2,52.4,92.2,0,19.87,Product Manager
6.6,57.7,49.0,74.4,99.4,44.1,65.0,3,25.21,UX Designer
1.2,47.8,93.1,67.8,30.0,25.8,56.8,2,17.52,Machine Learning Engineer
4.6,72.6,87.5,56.7,82.1,44.9,65.7,2,21.66,UX Designer
5.7,100.0,99.4,59.7,61.6,59.1,87.2,1,26.39,Machine Learning Engineer
3.6,45.8,51.8,49.7,74.8,59.5,48.1,0,16.14,UX Designer
2.6,65.4,60.9,63.1,56.0,15.8,45.2,0,15.2,Data Analyst
2.1,90.4,24.7,71.5,41.2,47.7,71.1,1,17.64,Data Analyst
1.7,63.6,84.5,35.8,73.0,25.1,64.7,2,17.08,UX Designer
10.6,73.1,31.6,64.5,71.1,66.2,70.1,4,32.91,Product Manager
7.1,45.9,59.3,74.0,77.4,64.1,81.3,3,30.14,Product Manager
13.4,72.7,33.1,53.8,57.7,33.8,63.4,3,32.64,Product Manager
0.5,61.6,43.2,70.5,46.0,36.2,47.5,2,16.86,Cybersecurity Analyst
5.3,82.7,38.3,100.0,26.8,41.7,94.5,1,21.53,Data Analyst
11.1,86.4,42.8,58.4,74.4,9.4,58.0,0,27.46,UX Designer
0.8,100.0,44.2,65.9,66.5,56.0,57.3,2,17.85,Cybersecurity Analyst
0.3,75.4,44.0,48.9,38.7,45.1,83.2,0,16.0,Product Manager
5.4,70.9,71.7,62.7,47.2,67.5,65.4,4,27.33,Product Manager
3.4,68.5,32.9,66.9,48.7,30.2,69.2,2,18.64,Data Analyst
7.4,58.6,59.4,62.9,28.3,38.9,75.8,0,22.11,Data Analyst
0.6,71.1,79.4,44.7,41.6,22.9,83.0,0,15.88,Product Manager
6.3,59.7,44.7,63.1,35.3,31.9,66.0,1,26.61,Product Manager
0.9,68.0,40.6,81.9,49.8,28.7,88.2,1,19.71,Product Manager
0.7,88.7,50.4,66.7,43.2,67.9,44.4,2,14.59,Cybersecurity Analyst
0.7,46.9,78.6,74.4,25.5,37.4,79.1,0,15.01,Product Manager
6.7,85.5,58.9,56.4,98.5,52.2,59.9,0,23.11,UX Designer
4.4,88.7,44.4,71.2,83.1,43.1,86.5,1,20.55,UX Designer
3.0,62.9,64.7,64.2,42.4,27.1,71.7,2,18.97,Data Analyst
1.8,26.8,33.0,45.7,63.4,47.0,61.9,1,17.61,Product Manager
8.4,54.1,68.6,64.8,66.3,60.8,78.0,3,31.53,Product Manager
2.0,88.3,63.2,45.1,81.8,28.3,80.7,1,17.56,UX Designer
6.8,64.6,48.8,50.5,41.6,64.6,77.7,1,25.71,Product Manager
2.3,47.0,38.2,62.8,79.8,34.7,57.6,3,21.71,Product Manager
1.9,55.9,37.3,64.5,47.0,41.3,64.2,2,21.64,Product Manager
2.5,80.1,65.7,42.2,31.3,59.6,70.0,2,22.04,Product Manager
1.4,74.8,79.6,75.8,72.5,38.1,69.5,1,16.79,Cybersecurity Analyst
5.5,60.7,42.3,68.6,83.8,50.7,79.0,3,21.96,UX Designer
2.8,58.4,64.2,49.4,100.0,44.3,45.8,2,19.57,UX Designer
1.1,57.9,13.3,36.9,34.0,52.3,74.0,2,18.58,Product Manager
9.2,48.4,43.3,57.8,72.0,7.1,66.5,2,25.63,UX Designer
1.9,94.1,54.4,53.3,49.8,17.1,59.9,1,14.89,Data Analyst
3.1,59.2,36.8,61.7,73.7,61.1,61.1,2,22.49,Product Manager
9.5,86.9,36.3,54.6,28.6,68.7,67.4,1,28.02,Product Manager
3.9,92.4,41.6,29.9,32.7,33.6,26.8,0,18.23,Cybersecurity Analyst
0.5,83.0,60.8,54.2,42.5,45.6,61.6,2,21.24,Product Manager
11.2,57.2,51.3,55.4,59.6,55.3,59.5,1,30.64,Product Manager
4.0,72.3,10.2,69.5,45.2,62.5,76.4,4,20.92,Cybersecurity Analyst
1.6,64.6,12.6,49.5,71.2,13.5,60.3,2,14.55,UX Designer
0.6,48.7,42.9,85.2,78.5,34.1,67.4,1,14.81,UX Designer
6.3,70.8,64.2,31.3,70.0,44.0,88.5,0,28.16,Product Manager
3.9,43.8,0.0,79.7,90.4,62.7,81.9,0,18.91,UX Designer
3.0,86.4,45.0,56.6,66.3,95.0,80.8,2,24.62,Product Manager
9.0,56.6,44.5,72.9,33.7,45.9,64.0,1,25.58,Data Analyst
6.2,68.6,82.8,61.2,85.3,24.7,76.5,1,23.88,UX Designer
0.7,70.1,47.3,77.1,45.9,57.2,67.2,2,15.14,Cybersecurity Analyst
1.5,60.3,62.7,54.2,76.2,73.8,67.6,0,20.05,Product Manager
1.1,75.6,57.8,43.5,89.5,51.9,74.9,4,17.93,UX Designer
5.4,56.5,12.4,81.3,67.1,33.7,62.8,1,21.29,Data Analyst
0.1,80.7,70.4,58.3,28.1,67.2,87.9,0,16.62,Product Manager
3.4,40.8,59.3,63.3,39.6,61.9,68.1,2,25.35,Product Manager
5.7,67.3,65.2,78.5,84.5,31.5,77.4,0,24.94,UX Designer
8.4,99.9,100.0,44.5,54.6,56.9,87.5,0,27.7,Machine Learning Engineer
1.7,47.0,13.3,68.9,59.6,68.0,82.4,0,21.44,Product Manager
6.9,52.8,89.5,51.2,73.2,71.3,53.1,0,26.16,Machine Learning Engineer
0.5,74.3,49.3,58.0,71.9,48.8,75.3,4,15.77,UX Designer
7.5,68.2,60.7,61.1,63.6,43.6,80.2,2,29.44,Product Manager
0.5,71.3,54.1,37.5,53.8,72.1,80.7,4,20.73,Product Manager
2.0,73.8,46.5,48.3,51.7,28.2,56.6,1,19.39,Product Manager
6.4,76.4,43.6,80.3,75.2,57.9,62.1,2,23.89,Cybersecurity Analyst
0.6,85.0,61.6,73.3,69.1,25.3,81.9,1,13.48,Data Analyst
1.0,72.4,24.7,59.1,52.9,69.2,60.9,0,14.82,Cybersecurity Analyst
5.1,60.7,70.0,63.6,79.6,45.4,66.4,1,19.68,UX Designer
5.1,77.1,46.7,55.6,55.4,72.8,88.9,2,27.81,Product Manager
4.1,99.2,32.4,80.3,41.0,58.8,69.4,2,21.74,Data Analyst
4.7,62.6,46.0,57.0,42.8,28.0,61.3,2,23.35,Product Manager
3.1,47.5,80.1,63.5,38.4,75.6,59.5,1,23.25,Product Manager
1.2,84.9,44.3,77.2,52.6,77.9,74.0,1,20.81,Product Manager
1.7,62.8,62.2,48.3,82.7,65.9,54.0,2,18.42,Cybersecurity Analyst
0.8,25.9,40.4,83.4,41.9,36.3,67.0,0,15.44,Product Manager
9.6,80.3,70.2,37.0,61.8,44.5,74.0,0,30.38,Machine Learning Engineer
3.5,55.4,68.7,84.4,44.9,52.6,85.6,1,22.41,Product Manager
2.0,63.4,92.0,54.4,52.8,37.3,78.0,2,20.74,Machine Learning Engineer
2.5,71.0,51.5,56.4,27.8,80.5,61.4,3,24.73,Product Manager
11.8,68.4,68.4,31.6,53.6,52.6,84.1,2,30.69,Product Manager
0.7,77.8,57.0,53.2,54.1,1.3,66.4,1,13.33,Data Analyst
3.5,57.2,80.9,44.4,68.8,56.1,55.2,2,21.12,Machine Learning Engineer
2.8,74.2,40.6,50.9,62.5,43.7,67.9,1,22.22,Product Manager
3.8,60.3,69.9,57.9,34.0,48.7,87.3,3,23.28,Product Manager
0.1,78.3,51.1,74.4,79.7,43.4,72.0,1,14.87,UX Designer
8.2,76.1,53.7,63.1,62.2,64.5,70.2,0,26.36,Product Manager
10.8,48.2,56.8,64.6,62.0,70.2,89.6,1,31.86,Product Manager
3.3,84.5,60.0,43.6,57.8,55.1,52.8,0,19.35,Cybersecurity Analyst
4.8,55.4,52.7,46.8,47.6,43.9,54.6,3,26.44,Product Manager
10.2,79.5,59.3,87.0,62.4,49.3,50.6,1,25.32,Data Analyst
4.9,71.6,86.6,49.0,67.5,50.4,74.5,2,24.94,Machine Learning Engineer
0.7,98.1,74.7,84.8,23.1,35.6,72.0,1,15.18,Data Analyst
3.4,61.0,72.4,56.4,47.2,60.4,88.5,4,27.2,Product Manager
3.7,58.7,45.9,60.0,52.9,58.3,72.9,0,20.71,Product Manager
2.2,64.7,37.2,76.1,63.1,77.7,65.2,0,21.91,Product Manager
5.3,59.5,74.1,79.1,81.9,72.6,70.0,2,26.82,Product Manager
10.9,79.4,72.5,58.3,42.6,37.7,71.4,1,30.97,Product Manager
10.4,35.9,84.5,54.2,48.0,64.8,49.9,2,30.82,Product Manager
2.4,46.0,42.9,59.2,47.7,32.9,100.0,1,19.74,Product Manager
0.5,45.8,50.4,65.1,42.0,62.5,76.2,1,15.06,Product Manager
15.0,82.1,22.2,73.4,51.1,40.7,72.5,0,29.07,Data Analyst
7.3,95.8,47.2,60.1,73.4,31.6,77.4,2,21.93,UX Designer
0.5,63.1,74.9,69.3,36.9,55.0,78.5,1,19.97,Product Manager
10.1,62.0,45.7,84.6,66.6,1.9,68.3,0,23.01,Data Analyst
8.2,66.3,67.8,65.7,24.0,18.5,62.4,2,21.21,Data Analyst
2.9,85.9,51.2,64.7,46.8,46.8,77.2,2,23.72,Product Manager
3.6,48.3,61.5,37.2,51.4,51.5,74.6,1,21.39,Product Manager
2.0,69.3,32.0,20.5,91.5,43.4,60.3,1,14.67,UX Designer
0.2,82.6,56.7,65.8,52.5,21.6,87.0,2,19.49,Product Manager
1.6,74.0,0.0,58.6,14.0,35.3,73.5,1,14.19,Cybersecurity Analyst
6.5,68.4,51.3,52.3,18.0,57.0,78.8,1,25.87,Product Manager
0.0,83.0,22.4,63.7,58.7,60.5,86.7,2,16.96,Product Manager
1.6,16.3,79.1,59.1,70.3,49.7,70.3,0,18.41,Product Manager
2.0,77.2,70.5,76.9,65.5,70.8,73.8,3,22.75,Product Manager
3.1,53.2,64.3,61.3,61.4,57.2,79.7,2,23.88,Product Manager
10.1,32.0,85.4,48.8,81.2,36.5,61.3,1,26.93,UX Designer
1.7,74.2,36.0,74.9,47.2,45.0,70.6,3,17.89,Data Analyst
1.7,89.7,89.9,56.7,75.9,24.7,71.5,5,20.85,Machine Learning Engineer
5.4,62.5,73.6,67.9,25.4,48.1,58.5,1,23.86,Product Manager
2.4,82.2,50.3,52.8,39.9,70.0,97.8,1,23.14,Product Manager
1.0,94.0,77.7,50.3,21.9,62.3,53.1,2,17.47,Machine Learning Engineer
2.4,88.7,32.9,61.3,52.5,75.2,54.4,2,19.88,Cybersecurity Analyst
0.6,94.5,38.5,60.2,57.1,44.5,85.8,0,19.98,Product Manager
0.8,78.4,42.8,67.2,60.3,74.2,78.6,0,15.4,Cybersecurity Analyst
2.8,66.4,44.4,56.0,59.2,46.5,57.7,4,25.34,Product Manager
2.2,36.2,33.9,32.5,39.4,76.5,77.3,1,20.83,Product Manager
9.9,60.6,79.5,53.5,54.2,49.6,87.6,0,30.12,Product Manager
1.8,49.8,49.8,71.9,28.1,62.7,69.6,0,19.19,Product Manager
3.5,100.0,62.1,55.5,85.3,76.6,100.0,2,27.14,Product Manager
4.0,61.8,43.6,56.3,51.9,46.5,49.3,2,21.07,Data Analyst
0.1,67.2,18.6,74.8,48.2,53.9,78.3,3,16.49,Product Manager
4.4,74.9,60.4,49.3,89.8,73.2,84.0,1,25.38,Product Manager
0.8,65.8,16.8,36.9,33.2,47.6,80.7,2,18.05,Product Manager
13.0,95.5,53.6,57.6,35.5,26.2,67.5,2,34.02,Product Manager
0.6,53.8,27.6,52.7,36.1,88.6,66.5,2,18.06,Product Manager
2.1,68.5,94.7,45.5,56.6,41.5,75.3,0,18.81,Machine Learning Engineer
0.4,51.6,73.2,57.4,66.6,52.9,79.8,1,21.08,Product Manager
15.0,41.2,57.1,67.4,72.8,70.8,77.2,2,33.64,Product Manager
2.8,54.0,80.3,59.9,100.0,39.0,82.5,0,16.98,UX Designer
3.6,64.3,38.1,64.6,13.0,31.9,57.8,0,17.18,Cybersecurity Analyst
0.3,57.3,65.9,87.2,70.2,54.6,67.3,3,18.44,Cybersecurity Analyst
5.5,52.5,59.0,54.9,46.9,17.7,58.7,2,19.95,Data Analyst
0.9,39.7,60.3,64.2,46.3,44.8,65.4,2,19.48,Product Manager
9.1,63.5,80.4,52.4,45.6,54.4,82.2,1,30.15,Product Manager
0.9,37.9,69.6,47.3,39.8,45.1,71.3,1,18.21,Product Manager
0.8,78.7,60.8,51.2,91.7,22.2,100.0,0,17.34,UX Designer
0.1,66.5,21.9,52.8,74.8,78.7,72.3,3,19.26,Product Manager
2.6,38.8,35.8,65.4,58.5,51.9,70.7,1,21.86,Product Manager
3.3,59.4,52.5,95.2,85.0,75.8,71.3,0,19.1,Data Analyst
0.3,51.5,56.9,49.3,27.7,45.3,62.3,3,18.72,Product Manager
6.0,70.7,32.4,53.8,31.4,34.2,69.3,1,25.91,Product Manager
2.4,89.1,100.0,59.1,14.4,54.8,83.5,2,23.58,Product Manager
3.0,31.2,85.3,65.9,44.0,46.1,71.4,1,21.63,Product Manager
2.3,67.1,67.0,64.0,61.2,28.8,60.5,0,15.22,Data Analyst
2.0,62.1,56.4,79.3,60.1,76.5,58.9,2,21.27,Product Manager
3.3,77.1,50.8,23.6,61.0,38.8,64.6,0,21.82,Product Manager
0.7,68.8,36.0,24.2,29.8,16.9,70.9,1,18.38,Product Manager
0.8,51.5,56.5,52.6,74.1,73.9,84.3,1,18.75,Product Manager
7.9,59.3,60.2,76.5,62.8,40.9,53.9,1,23.92,Data Analyst
11.7,50.7,30.2,36.5,72.7,39.1,66.2,1,24.51,UX Designer
1.9,84.4,61.7,14.9,20.1,18.2,71.7,1,17.09,Product Manager
1.3,65.4,51.9,68.6,64.2,81.3,48.0,0,18.33,Product Manager
4.1,99.2,16.8,63.7,34.2,26.8,60.0,5,21.64,Data Analyst
2.1,63.9,37.8,43.6,50.1,51.1,61.8,0,15.98,Cybersecurity Analyst
0.1,52.2,46.7,45.2,68.7,66.4,60.4,0,14.86,Product Manager
0.7,37.8,92.8,45.5,59.8,57.6,72.3,3,18.83,Product Manager
5.0,32.5,66.1,61.7,41.0,48.9,68.1,1,25.12,Product Manager
4.3,36.5,28.3,50.6,58.1,19.4,63.3,3,18.8,UX Designer
0.1,69.8,64.7,67.4,27.4,35.4,75.1,2,13.03,Data Analyst
1.0,74.2,24.1,17.2,81.0,53.4,90.7,2,19.63,Product Manager
1.1,36.5,76.7,47.1,53.9,35.8,89.7,1,18.6,Product Manager
4.5,81.1,45.6,43.1,80.4,53.7,46.9,2,20.4,UX Designer
0.1,56.3,53.1,56.2,47.5,62.3,76.9,0,16.88,Product Manager
0.4,67.6,81.5,51.9,47.5,67.3,67.9,1,19.3,Product Manager
6.4,94.0,29.3,72.0,42.7,27.9,71.9,0,20.45,Data Analyst
0.8,81.1,27.1,32.1,75.5,89.5,65.2,1,19.46,Product Manager
4.2,60.2,43.3,60.7,43.8,63.8,71.4,0,21.4,Product Manager
1.1,49.0,75.8,68.4,70.9,50.0,71.8,1,22.19,Product Manager
0.4,26.3,24.6,87.8,50.4,69.6,63.1,1,14.61,Cybersecurity Analyst
1.1,52.1,0.0,52.8,18.5,92.6,59.2,3,20.09,Product Manager
5.1,61.2,46.0,64.9,46.6,24.1,64.6,0,19.81,Data Analyst
7.7,47.2,66.0,32.9,34.4,45.9,72.8,0,30.58,Product Manager
7.1,62.6,79.0,24.1,58.7,7.2,77.2,2,22.4,UX Designer
2.0,66.4,45.7,72.7,34.2,53.5,80.2,1,22.27,Product Manager
4.4,61.0,46.8,59.9,76.5,56.6,64.1,4,22.74,Cybersecurity Analyst
0.9,53.3,78.1,77.7,56.2,49.3,73.4,0,17.73,Product Manager
1.4,68.0,17.6,39.4,54.4,38.2,81.6,1,18.47,Product Manager
9.1,73.0,47.2,67.8,71.1,13.1,84.0,2,31.76,Product Manager
0.1,45.4,58.8,88.0,77.3,56.7,69.3,4,19.05,Product Manager
0.4,90.4,64.0,66.3,57.6,76.2,67.3,3,15.32,Cybersecurity Analyst
0.9,63.2,44.8,64.1,42.6,39.4,72.3,1,15.29,Data Analyst
0.1,65.3,55.7,60.1,22.5,57.9,56.2,1,17.8,Product Manager
0.8,77.7,5.2,36.4,44.3,21.8,67.7,2,17.1,Product Manager
3.5,69.2,41.8,80.3,45.7,58.2,78.9,0,21.34,Product Manager
2.2,82.2,64.1,50.8,60.1,42.9,77.7,1,21.77,Product Manager
8.9,70.2,35.4,67.6,51.1,36.3,66.8,0,28.58,Product Manager
6.8,54.0,56.2,36.6,71.8,36.3,72.6,1,21.82,UX Designer
1.7,71.5,63.9,42.3,45.7,42.9,60.1,0,20.78,Product Manager
1.2,44.4,48.1,81.5,56.9,56.9,78.4,4,22.86,Product Manager
1.9,67.0,58.4,54.8,81.7,26.4,69.1,1,16.11,UX Designer
3.6,64.4,35.7,81.8,64.8,42.9,66.7,5,22.86,Cybersecurity Analyst
1.2,61.3,50.9,58.8,56.8,49.3,65.7,1,20.23,Product Manager
3.9,62.7,67.2,32.4,46.0,30.2,69.2,0,21.36,Machine Learning Engineer
2.1,31.1,58.1,73.4,45.3,82.3,64.6,2,22.72,Product Manager
3.2,55.1,43.3,51.2,41.0,34.6,77.9,1,22.76,Product Manager
2.3,66.7,59.5,70.5,47.2,38.0,65.3,2,15.91,Data Analyst
1.4,67.9,69.3,60.4,73.1,32.4,89.1,3,17.25,UX Designer
11.9,46.5,14.0,36.9,53.6,82.4,87.6,2,31.66,Product Manager
5.8,87.8,78.2,62.5,31.0,60.0,59.3,0,23.9,Machine Learning Engineer
0.6,49.4,48.3,92.9,93.4,33.1,70.8,1,14.13,UX Designer
8.1,82.5,63.5,67.4,64.4,69.9,62.2,2,29.57,Cybersecurity Analyst
2.7,72.7,78.9,59.1,29.9,53.6,66.1,0,22.11,Product Manager
9.0,53.4,27.6,76.1,49.2,54.6,94.0,0,28.68,Product Manager
6.4,97.0,40.8,63.2,60.2,43.8,66.3,4,27.45,Cybersecurity Analyst
2.2,43.5,49.2,63.1,92.1,36.5,74.3,1,16.59,UX Designer
0.1,81.5,39.3,43.6,35.8,56.1,76.5,2,17.69,Product Manager
1.3,83.0,89.7,63.5,77.5,40.2,58.0,2,19.9,Machine Learning Engineer
3.1,52.9,37.9,75.5,86.0,82.7,59.7,0,17.92,UX Designer
4.0,90.1,43.9,47.5,45.4,27.2,55.5,2,18.26,Data Analyst
1.2,60.5,59.1,81.4,52.4,77.7,59.4,3,17.24,Cybersecurity Analyst
0.6,70.2,31.0,58.6,37.3,48.0,35.8,2,16.36,Cybersecurity Analyst
7.2,69.7,47.1,46.7,53.9,55.4,76.5,2,28.87,Product Manager
15.0,62.6,61.3,75.0,57.3,65.0,94.7,0,34.34,Product Manager
3.0,79.6,48.3,55.7,71.2,38.7,71.8,0,23.3,Product Manager
0.8,79.3,53.1,71.4,79.8,65.6,53.0,3,16.53,Cybersecurity Analyst
1.3,33.5,44.4,55.6,43.0,1.3,62.3,1,13.39,UX Designer
0.1,88.5,24.7,59.1,18.7,37.0,64.5,1,9.37,Data Analyst
9.8,35.1,61.4,67.4,57.6,33.4,57.8,1,23.21,UX Designer
0.5,83.6,90.1,64.4,63.9,27.4,80.3,2,19.21,Product Manager
3.4,85.3,55.4,30.1,63.0,46.1,79.7,3,23.06,Product Manager
1.3,45.4,59.5,43.2,51.5,56.9,56.1,2,22.43,Product Manager
3.2,57.6,68.9,73.9,60.5,62.6,78.7,1,22.57,Product Manager
4.2,45.1,29.6,58.0,88.3,54.3,88.3,0,20.91,UX Designer
7.1,61.1,89.1,52.1,65.6,38.0,92.8,0,29.7,Product Manager
0.9,59.5,59.0,39.6,50.5,56.6,100.0,1,19.38,Product Manager
0.0,79.0,87.6,43.8,48.0,52.2,59.2,2,16.04,Machine Learning Engineer
0.6,88.6,40.3,29.7,54.6,66.8,100.0,2,20.78,Product Manager
9.2,90.1,91.4,58.5,90.7,64.0,65.7,2,29.99,Machine Learning Engineer
8.3,54.9,70.5,51.0,54.3,50.5,62.9,0,25.75,Product Manager
3.6,61.2,66.1,45.5,57.6,33.8,73.9,3,24.11,Product Manager
3.7,34.7,59.7,59.0,48.4,38.2,63.0,2,23.16,Product Manager
4.4,50.5,50.0,65.5,80.0,40.1,74.8,3,20.54,UX Designer
0.8,82.4,79.0,91.4,97.2,44.3,54.2,1,16.52,Data Analyst
9.8,94.1,57.8,37.3,67.0,54.8,67.1,2,31.21,Product Manager
2.2,42.8,15.7,77.4,59.7,62.9,85.4,1,19.19,Product Manager
1.9,54.3,32.7,74.6,58.7,49.1,69.3,2,19.64,Product Manager
2.9,64.5,51.3,48.3,10.3,50.3,71.7,1,21.43,Product Manager
0.2,70.0,61.2,63.0,72.9,52.6,75.7,2,16.43,Product Manager
0.7,50.4,53.9,53.1,60.7,40.7,84.0,0,17.73,Product Manager
5.4,72.6,79.4,62.8,66.6,33.3,50.1,0,23.87,Machine Learning Engineer
0.3,56.5,16.0,82.6,43.8,18.4,77.0,2,12.21,Data Analyst
3.7,64.7,57.9,69.1,50.3,37.5,66.8,0,18.41,Data Analyst
1.1,74.8,18.6,67.6,49.8,58.5,72.0,0,19.28,Product Manager
2.0,65.1,70.2,53.5,78.4,37.3,82.7,2,17.76,UX Designer
1.4,57.1,53.1,37.7,50.4,45.7,55.7,1,20.07,Product Manager
1.8,63.0,63.4,56.9,99.7,58.4,57.8,5,19.36,UX Designer
5.1,63.4,37.7,78.1,66.6,59.4,46.8,1,20.75,Data Analyst
1.4,58.3,80.6,37.1,32.5,30.6,63.4,1,16.71,Machine Learning Engineer
3.3,60.3,75.8,44.2,55.4,67.9,86.0,0,21.69,Product Manager
2.6,93.8,66.7,61.9,45.0,70.3,68.6,1,18.76,Cybersecurity Analyst
4.4,75.1,52.4,45.2,14.1,29.7,53.9,1,16.2,Data Analyst
11.0,59.7,66.6,48.1,90.0,35.2,64.2,4,29.3,UX Designer
5.3,77.5,40.9,53.6,72.1,71.4,52.1,0,22.91,Cybersecurity Analyst
1.0,59.0,72.1,39.5,68.7,47.4,56.5,1,20.19,Product Manager
0.1,86.1,88.0,45.4,61.3,10.0,74.7,0,16.02,Machine Learning Engineer
1.2,71.7,76.4,70.6,30.4,24.8,55.9,1,14.52,Data Analyst
3.6,63.1,40.4,40.4,48.3,45.5,83.4,1,24.04,Product Manager
0.2,73.1,62.2,36.0,74.8,29.1,69.1,0,11.35,UX Designer
2.7,36.7,29.1,50.5,37.0,42.6,71.0,0,19.22,Product Manager
3.6,44.7,66.4,71.0,7.4,50.6,66.7,0,22.48,Product Manager
1.6,43.5,64.0,57.0,53.5,76.3,79.3,2,17.84,Product Manager
5.9,67.6,17.6,53.0,55.2,44.8,79.4,1,25.25,Product Manager
0.5,96.2,31.8,60.7,60.7,69.3,74.0,1,19.02,Product Manager
0.3,100.0,49.3,33.8,72.6,75.7,76.8,2,18.17,Cybersecurity Analyst
5.2,76.5,49.0,67.4,70.8,75.8,67.5,4,28.38,Product Manager
2.7,74.0,30.8,65.8,63.2,55.1,76.5,2,23.01,Product Manager
4.7,32.6,62.8,53.9,81.9,14.7,65.9,0,17.98,UX Designer
2.3,55.2,60.0,75.1,27.6,58.3,70.0,1,21.25,Product Manager
1.1,50.8,51.1,43.1,68.1,68.9,66.7,1,18.92,Product Manager
6.8,53.8,39.9,76.9,70.5,48.5,64.5,4,27.95,Product Manager
6.4,62.0,76.0,62.3,33.2,81.4,61.7,0,24.47,Cybersecurity Analyst
4.7,56.5,88.1,55.0,27.9,65.5,75.6,1,25.7,Product Manager
1.3,29.4,45.3,59.7,43.1,60.2,85.7,1,17.33,Product Manager
3.6,78.5,42.8,58.4,44.8,69.6,84.1,2,24.77,Product Manager
1.8,45.7,64.8,78.3,73.1,56.0,54.9,1,16.8,UX Designer
0.4,69.3,47.8,43.8,45.7,5.1,85.5,5,18.89,Product Manager
10.0,100.0,52.2,48.6,40.9,41.0,66.2,2,30.2,Product Manager
0.6,48.5,69.8,75.5,45.8,71.5,77.2,0,18.56,Product Manager
12.0,19.5,16.8,51.1,80.4,35.5,59.1,1,24.88,UX Designer
2.4,59.9,81.4,73.5,58.3,46.0,71.7,2,22.59,Product Manager
0.8,84.8,56.5,85.5,54.4,31.2,73.8,1,12.76,Data Analyst
3.1,100.0,46.8,54.0,55.8,82.1,52.2,1,20.0,Cybersecurity Analyst
8.3,42.9,53.2,70.2,83.8,80.3,77.3,1,30.77,Product Manager
5.3,73.9,54.2,42.7,43.0,34.1,86.2,0,26.29,Product Manager
6.6,56.6,20.4,71.3,84.3,52.7,67.9,0,20.71,UX Designer
4.3,63.1,84.9,63.0,62.2,37.8,86.3,0,23.87,Product Manager
4.7,100.0,55.8,67.1,54.8,61.1,67.7,3,24.13,Cybersecurity Analyst
7.6,37.9,63.9,50.3,100.0,59.2,80.2,0,23.18,UX Designer
1.1,69.6,74.0,35.1,36.9,64.6,43.4,1,18.47,Product Manager
2.7,73.4,34.6,67.5,50.9,56.0,99.0,2,22.59,Product Manager
1.0,84.5,64.5,29.0,33.4,100.0,87.9,1,18.35,Product Manager
15.0,66.8,49.6,55.2,77.0,31.5,66.6,1,29.31,UX Designer
11.5,70.5,71.9,74.1,91.8,19.2,46.3,1,29.49,UX Designer
0.2,58.0,12.5,62.9,91.4,42.9,73.5,1,14.16,UX Designer
4.9,69.8,53.0,89.2,82.5,21.8,52.7,1,19.15,Data Analyst
10.4,58.8,42.9,75.4,54.0,23.1,75.3,2,26.47,Data Analyst
0.8,76.2,63.6,50.2,50.7,32.0,74.9,2,19.86,Product Manager
3.4,58.3,64.4,60.4,24.6,33.4,58.7,1,23.32,Product Manager
9.9,71.8,40.8,59.3,98.7,32.8,83.5,1,27.4,UX Designer
0.1,64.5,40.8,36.3,67.4,59.3,79.7,2,19.16,Product Manager
4.8,85.3,52.8,45.9,48.2,40.9,81.7,1,22.85,Product Manager
1.4,64.1,37.1,51.6,84.6,46.8,70.1,2,16.65,UX Designer
10.3,33.1,71.8,29.5,38.5,66.1,53.0,1,27.46,Product Manager
14.2,87.7,47.6,60.7,66.1,36.2,81.7,3,28.81,Data Analyst
11.5,48.7,0.0,56.3,54.5,45.2,66.8,2,30.12,Product Manager
2.6,53.2,47.5,34.9,70.8,56.6,53.3,1,15.36,UX Designer
7.9,54.3,34.2,66.1,56.7,15.1,86.2,2,24.16,UX Designer
7.4,89.7,22.4,70.7,29.0,7.1,95.2,4,24.86,Data Analyst
1.5,26.6,30.3,63.4,59.5,56.2,69.5,0,18.81,Product Manager
7.1,100.0,57.2,55.1,79.0,58.9,95.9,3,32.07,Product Manager
0.2,84.0,81.6,68.9,57.4,87.2,71.1,1,18.64,Product Manager
3.6,69.0,61.3,70.2,73.5,52.8,65.4,3,25.46,Product Manager
1.0,64.0,42.9,64.6,37.1,64.8,62.4,0,13.54,Cybersecurity Analyst
0.5,70.1,64.1,47.6,57.5,46.5,89.6,0,17.58,Product Manager
0.3,74.4,45.8,64.1,45.5,55.4,60.6,1,16.58,Cybersecurity Analyst
4.8,76.6,41.1,77.9,72.9,80.0,78.8,4,28.03,Product Manager
1.7,75.0,31.9,51.1,58.6,11.8,63.3,2,21.0,Product Manager
5.2,66.6,20.0,91.5,71.8,57.4,64.5,3,25.34,Cybersecurity Analyst
0.3,61.4,47.2,52.1,79.8,88.4,82.4,2,19.62,Product Manager
1.5,62.3,58.2,60.5,71.8,55.1,65.4,4,16.87,UX Designer
3.1,61.5,53.1,49.9,63.5,79.7,65.1,5,25.75,Product Manager
6.3,85.4,46.7,63.3,38.0,38.7,83.6,2,21.45,Data Analyst
1.5,75.7,36.1,33.9,57.9,49.4,89.2,1,20.67,Product Manager
3.9,12.1,67.2,51.8,47.3,50.6,77.7,2,25.28,Product Manager
8.7,76.8,28.7,43.6,51.1,10.1,62.1,2,24.13,Data Analyst
3.8,68.5,70.5,62.0,50.5,29.0,63.9,1,16.35,Data Analyst
1.1,64.7,35.0,74.9,38.4,30.3,71.0,3,12.22,Data Analyst
0.1,58.0,40.0,69.7,18.9,64.8,73.9,2,16.02,Product Manager
8.2,85.2,25.7,24.4,44.6,65.7,58.1,3,28.87,Product Manager
0.1,82.1,45.0,90.6,61.9,55.8,78.7,0,11.49,Data Analyst
8.3,51.1,74.5,64.4,31.0,64.8,71.0,1,29.08,Product Manager
3.0,72.3,65.3,48.4,58.3,47.0,49.4,1,21.48,Machine Learning Engineer
11.2,47.5,74.6,62.4,96.0,71.6,58.9,1,29.44,UX Designer
6.4,40.2,65.4,62.6,78.5,50.2,64.0,1,22.22,UX Designer
15.0,53.7,32.9,50.0,90.9,51.0,69.1,0,28.25,UX Designer
1.7,80.5,48.4,63.0,65.8,45.2,92.7,1,21.85,Product Manager
5.8,82.2,39.4,50.9,81.4,62.3,72.9,3,28.63,Product Manager
2.1,74.2,81.6,53.9,43.5,42.4,59.9,4,23.17,Machine Learning Engineer
2.6,78.1,31.1,49.7,45.1,67.6,72.6,1,23.84,Product Manager
4.0,74.3,72.9,38.5,3.2,29.6,65.8,0,20.53,Machine Learning Engineer
8.3,53.5,72.9,62.2,81.7,30.2,73.9,1,24.39,UX Designer
15.0,72.8,91.6,68.8,88.8,62.4,77.0,0,29.96,UX Designer
5.8,79.4,46.8,67.7,46.9,48.4,84.5,1,20.81,Data Analyst
2.2,78.6,69.2,72.3,52.9,41.8,69.7,2,19.04,Data Analyst
2.2,86.4,100.0,64.9,42.9,66.0,89.7,3,23.19,Product Manager
5.4,77.7,42.6,52.0,65.7,39.1,80.9,2,25.54,Product Manager
1.1,71.3,24.3,72.6,80.5,46.4,61.5,0,17.83,Product Manager
0.5,84.3,17.4,39.6,23.1,75.2,96.5,0,18.53,Product Manager
1.8,64.5,69.3,46.5,66.2,77.7,73.9,1,20.41,Product Manager
1.4,49.1,17.3,45.5,52.5,78.3,60.0,1,18.09,Product Manager
1.4,62.1,47.6,76.2,60.3,44.9,89.8,4,20.41,Product Manager
1.1,51.6,63.7,74.1,67.2,72.2,94.9,1,21.28,Product Manager
0.2,52.8,58.7,67.3,54.2,32.9,69.6,2,14.06,Data Analyst
0.1,62.4,63.5,76.1,55.9,33.7,64.0,0,9.39,Data Analyst
15.0,50.7,59.4,46.8,53.7,7.7,67.9,3,28.83,UX Designer
2.2,59.5,80.6,65.2,77.4,80.1,78.6,1,21.93,Product Manager
1.9,30.9,36.0,58.1,66.4,34.4,85.3,1,14.75,UX Designer
4.6,68.8,41.5,72.7,62.4,47.7,76.8,2,25.99,Product Manager
1.0,65.0,39.5,58.3,32.6,33.6,71.2,3,19.85,Product Manager
12.0,50.3,71.6,54.2,50.4,62.5,88.0,0,30.1,Product Manager
6.2,76.9,73.0,68.1,76.0,43.2,66.2,3,29.57,Product Manager
0.4,81.9,64.0,73.1,58.8,26.5,82.4,4,13.27,Data Analyst
2.2,36.1,78.7,50.0,71.2,57.9,66.5,5,22.79,Product Manager
8.5,51.3,31.4,59.1,93.3,24.2,75.2,0,23.0,UX Designer
11.6,51.2,88.3,44.1,78.8,34.9,68.6,0,29.4,UX Designer
2.5,48.1,85.5,22.5,59.9,12.1,69.3,0,15.61,UX Designer
3.8,79.9,69.7,63.0,47.8,24.4,65.5,0,17.91,Data Analyst
0.7,61.5,90.6,69.1,6.9,53.2,86.1,1,17.23,Product Manager
15.0,60.2,21.9,63.9,54.6,14.6,61.2,1,29.24,Data Analyst
1.1,28.9,44.5,30.8,51.5,23.3,61.1,0,16.55,Product Manager
11.4,76.4,40.3,54.7,65.8,50.0,95.5,0,30.51,Product Manager
4.2,42.7,69.4,26.7,54.9,40.2,81.7,2,24.25,Product Manager
3.7,66.1,34.0,80.5,51.6,85.9,41.4,3,22.16,Cloud/DevOps Engineer
2.9,70.0,70.1,43.7,22.4,83.0,63.2,3,22.68,Product Manager
1.0,89.5,82.4,78.8,39.2,34.4,48.3,0,13.28,Data Analyst
0.8,41.4,68.9,74.2,67.5,60.0,58.6,4,17.05,Cybersecurity Analyst
1.0,10.6,60.7,46.5,92.3,63.5,32.3,2,13.72,UX Designer
0.8,68.3,35.2,43.0,56.0,39.2,68.4,1,17.58,Product Manager
6.0,97.4,38.1,65.3,64.6,23.1,56.3,0,19.82,Data Analyst
1.7,87.3,80.0,47.3,77.0,49.8,70.7,2,20.78,Machine Learning Engineer
0.2,68.8,70.6,61.5,41.8,46.9,50.5,1,15.71,Machine Learning Engineer
13.9,56.2,54.2,52.8,65.3,42.2,71.0,2,30.13,Product Manager
8.6,79.5,46.6,33.3,43.2,58.0,65.0,3,32.95,Product Manager
10.5,47.5,14.5,26.5,75.3,36.5,88.0,2,25.86,UX Designer
15.0,73.6,33.6,63.4,61.0,29.3,86.9,4,32.35,UX Designer
0.8,74.1,93.2,51.6,64.0,52.0,79.4,2,20.52,Product Manager
2.0,84.1,29.4,51.7,42.3,56.9,66.1,0,19.59,Product Manager
5.7,100.0,58.8,70.4,72.1,28.8,93.8,2,21.93,Data Analyst
4.8,72.1,75.1,77.6,99.7,66.7,51.4,0,21.66,UX Designer
0.7,55.8,29.9,55.9,37.8,18.1,53.2,3,19.07,Product Manager
6.8,64.5,58.7,54.9,51.2,39.6,69.0,0,27.91,Product Manager
1.0,33.2,73.8,67.5,62.6,45.4,97.0,1,18.12,Product Manager
1.0,52.5,55.2,39.6,73.7,38.5,67.6,0,13.75,UX Designer
3.1,57.6,100.0,63.3,46.8,39.8,67.8,2,23.99,Machine Learning Engineer
3.6,55.6,21.6,68.3,1.3,83.7,52.7,0,21.37,Product Manager
3.5,67.7,76.2,70.2,85.2,34.7,81.4,1,19.79,UX Designer
0.4,50.2,51.5,30.9,73.2,93.9,81.4,0,20.18,Product Manager
8.4,85.2,70.4,48.6,23.1,57.9,79.5,1,31.02,Product Manager
1.2,65.0,63.8,46.8,45.8,51.7,62.4,3,19.45,Product Manager
0.6,64.8,40.3,61.5,89.4,58.6,61.5,2,14.14,UX Designer
8.8,59.1,59.6,67.2,87.0,95.5,54.5,0,25.81,Cybersecurity Analyst
12.5,67.8,17.8,82.5,76.8,32.1,71.0,1,27.12,Data Analyst
7.9,79.9,67.1,52.6,54.5,29.8,57.0,2,24.98,Cybersecurity Analyst
6.6,49.4,61.0,52.5,59.7,36.4,55.9,1,28.41,Product Manager
4.3,53.2,67.8,77.2,55.4,50.6,64.9,1,25.31,Product Manager
3.2,59.5,76.2,64.4,80.6,18.9,64.1,1,18.64,UX Designer
0.4,40.8,62.4,79.0,40.5,50.4,63.5,0,17.41,Product Manager
2.1,50.3,58.0,64.3,41.9,80.5,75.6,1,21.36,Product Manager
1.9,56.4,37.4,42.6,78.2,52.7,70.9,0,13.94,UX Designer
1.2,80.7,40.8,40.0,57.1,44.7,66.5,0,20.96,Product Manager
5.1,69.7,78.7,36.7,85.6,38.9,72.2,2,23.02,UX Designer
2.7,68.5,83.7,69.9,44.6,66.2,58.1,1,20.62,Machine Learning Engineer
0.3,80.3,50.2,77.8,56.9,35.1,71.3,2,13.88,Data Analyst
1.0,62.5,55.9,87.7,39.6,83.2,71.8,2,21.3,Product Manager
4.6,72.0,36.9,72.6,58.1,84.8,52.0,1,25.12,Product Manager
0.3,63.1,78.5,77.4,28.4,54.6,81.9,2,18.89,Product Manager
7.6,69.8,68.3,51.3,48.2,49.8,59.4,0,25.81,Product Manager
2.7,54.5,93.8,42.7,29.3,68.6,71.1,0,19.53,Machine Learning Engineer
2.6,21.1,37.4,72.8,71.9,69.7,84.0,5,23.29,Product Manager
3.6,62.6,47.4,66.3,72.3,35.5,81.1,0,20.56,Product Manager
7.0,90.6,59.6,61.6,23.4,40.5,70.4,0,18.39,Data Analyst
1.7,81.7,67.9,65.8,84.7,26.2,65.7,1,18.99,UX Designer
4.5,82.4,50.7,64.8,100.0,57.4,81.4,0,20.88,UX Designer
3.3,87.3,37.5,79.3,58.9,62.0,78.1,0,19.46,Cybersecurity Analyst
1.2,66.6,72.6,79.4,45.2,25.7,62.6,0,15.61,Data Analyst
8.4,68.6,69.4,68.2,100.0,41.8,60.5,1,23.38,UX Designer
6.4,53.9,36.7,72.7,31.6,25.7,45.1,2,21.33,Data Analyst
4.3,59.3,82.1,67.7,58.4,33.8,71.8,0,18.09,Data Analyst
7.6,76.1,78.4,53.1,61.6,59.9,69.0,1,29.77,Product Manager
8.1,86.7,57.7,71.3,84.9,36.8,83.6,1,24.77,UX Designer
4.9,62.5,56.6,39.1,65.2,44.6,74.3,2,25.0,UX Designer
7.3,56.9,66.1,75.8,48.0,20.7,86.0,1,28.6,Product Manager
4.8,65.0,37.8,42.1,39.0,53.4,61.6,1,26.18,Product Manager
4.6,75.8,55.6,64.3,51.2,49.2,83.7,3,26.6,Product Manager
3.9,39.0,12.0,47.3,37.9,36.9,63.7,1,23.61,Product Manager
5.6,23.7,72.5,68.3,59.0,46.6,79.3,0,25.75,Product Manager
0.7,55.1,23.8,59.5,46.7,53.2,52.5,0,17.28,Product Manager
8.5,43.0,85.1,36.1,28.1,35.3,72.8,0,28.59,Product Manager
8.2,55.9,48.4,66.3,83.1,23.4,46.2,2,24.2,UX Designer
0.1,62.3,50.8,51.3,48.0,82.5,66.8,5,19.47,Product Manager
7.0,56.8,42.4,73.2,32.6,38.6,75.3,4,29.91,Product Manager
0.6,91.1,49.2,60.0,54.6,48.3,63.7,1,13.97,Data Analyst
1.6,70.9,83.4,65.9,59.4,68.2,57.4,0,21.04,Product Manager
5.4,70.4,5.2,45.6,23.1,100.0,80.2,3,25.74,Product Manager
0.7,76.2,80.5,51.2,64.6,27.6,68.8,3,17.56,Machine Learning Engineer
6.8,44.5,61.8,53.1,37.1,58.1,64.1,2,26.05,Product Manager
7.1,83.7,30.9,72.9,92.2,37.3,70.5,0,22.9,UX Designer
2.8,63.6,33.5,85.2,68.5,40.3,100.0,1,22.35,Product Manager
0.0,77.1,88.5,47.9,50.0,37.0,83.8,1,17.78,Product Manager
1.4,45.7,36.1,76.2,43.1,29.7,84.0,2,20.76,Product Manager
3.8,37.0,31.9,27.5,55.9,49.3,75.2,4,24.08,Product Manager
15.0,79.7,77.7,42.1,70.3,23.5,72.0,1,31.22,UX Designer
4.0,71.8,61.8,45.6,57.5,67.0,41.2,1,19.25,Cybersecurity Analyst
1.2,48.8,36.2,39.7,53.7,51.0,61.9,1,18.47,Product Manager
4.0,49.3,59.3,36.2,59.2,57.6,64.2,2,23.56,Product Manager
3.1,85.3,34.5,66.2,45.9,41.6,47.5,2,16.56,Data Analyst
6.1,43.6,77.0,56.8,51.1,43.4,56.1,3,23.64,Machine Learning Engineer
0.5,94.6,76.2,65.7,16.3,55.2,46.2,0,15.28,Machine Learning Engineer
5.7,48.8,65.6,70.4,77.5,29.0,69.5,0,22.52,UX Designer
3.1,76.5,62.2,64.0,64.0,43.6,79.8,3,22.37,Product Manager
13.2,59.1,90.2,69.9,42.5,34.5,83.3,0,33.84,Product Manager
1.7,75.9,55.0,59.0,96.0,34.0,75.0,2,17.79,UX Designer
4.0,55.2,31.4,42.2,59.7,12.0,58.4,1,19.38,UX Designer
10.8,62.1,64.0,75.9,37.3,74.1,46.8,1,27.24,Cybersecurity Analyst
0.4,65.7,96.7,51.2,75.1,37.6,48.9,1,16.19,Machine Learning Engineer
11.1,47.0,34.7,46.0,66.0,70.9,54.8,1,29.71,Product Manager
4.7,78.3,47.8,57.3,65.9,69.2,59.3,0,22.0,Cloud/DevOps Engineer
0.3,55.8,63.3,46.3,49.5,26.9,68.1,2,16.99,Product Manager
1.4,60.9,53.9,53.7,67.0,30.4,57.8,3,21.97,Product Manager
4.9,47.1,35.4,65.2,52.8,96.1,74.1,3,25.74,Product Manager
0.3,18.9,77.4,65.2,69.1,81.5,67.2,1,19.23,Product Manager
3.5,61.6,100.0,46.5,19.9,49.4,70.1,2,21.07,Machine Learning Engineer
1.7,100.0,58.9,52.7,49.3,54.6,83.7,2,20.63,Product Manager
3.9,79.1,36.9,76.1,92.4,38.6,55.8,2,21.14,Cybersecurity Analyst
0.2,64.7,24.0,67.4,42.7,57.8,75.0,1,16.79,Product Manager
8.2,60.3,60.2,91.1,45.9,37.1,69.8,3,27.48,Data Analyst
14.5,65.4,77.1,77.7,49.0,13.4,66.0,1,27.3,Data Analyst
13.9,74.8,64.5,77.2,33.7,26.2,80.6,1,26.38,Data Analyst
5.5,43.7,55.0,39.2,13.8,50.4,80.5,1,24.73,Product Manager
0.6,85.1,43.2,71.5,53.4,29.6,58.6,1,12.8,Data Analyst
